country,iso_code,income_group,year,rice_yield,temperature,rainfall,fertilizer,gdp_per_capita,disaster_events,flood_events,drought_events,temperature_change,rainfall_change_percent,disaster_risk_score,climate_risk_level
Afghanistan,AFG,Low income,2001,2.0,10.47,327,2.394897826369907,277.1180514439406,5.0,0.0,0.0,0.0,0.0,5.0,Medium
Algeria,DZA,Upper middle income,2001,1.2371,18.99,89,13.88632467361203,3610.006056319831,1.0,1.0,0.0,0.0,0.0,2.5,Medium
Azerbaijan,AZE,Upper middle income,2001,4.8495,12.09,447,6.482540720161246,1640.936645403979,0.0,0.0,0.0,0.0,0.0,0.0,Low
Bangladesh,BGD,Lower middle income,2001,3.447,25.2,2666,174.5902685776225,641.2889228762742,7.0,2.0,0.0,0.0,0.0,10.0,High
Belize,BLZ,Upper middle income,2001,3.0137,25.11,1705,72.3076923076923,5764.990554911044,2.0,0.0,0.0,0.0,0.0,2.0,Low
Benin,BEN,Lower middle income,2001,2.0714,27.04,1039,12.69387755102041,879.854463773645,3.0,0.0,0.0,0.0,0.0,3.0,Medium
Brazil,BRA,Upper middle income,2001,3.2405,24.4,1782,148.5714285714286,6823.033185117599,5.0,3.0,1.0,0.0,0.0,11.0,High
Burkina Faso,BFA,Low income,2001,1.8795,28.45,748,0.3173820158472203,442.9141228700485,4.0,0.0,1.0,0.0,0.0,5.5,High
Burundi,BDI,Low income,2001,3.2063,19.83,1274,3.58974358974359,262.9138857743836,0.0,0.0,0.0,0.0,0.0,0.0,Low
Cameroon,CMR,Lower middle income,2001,3.0242,23.93,1604,8.809060402684564,1169.926704649843,4.0,1.0,1.0,0.0,0.0,7.0,High
Chad,TCD,Low income,2001,1.2868,27.58,322,4.72972972972973,572.806706828797,3.0,1.0,1.0,0.0,0.0,6.0,High
China,CHN,Upper middle income,2001,6.152399999999999,12.74,645,295.4485261028693,2405.893967432147,33.0,9.0,2.0,0.0,0.0,49.5,High
Colombia,COL,Upper middle income,2001,4.5472,22.39,3240,246.7426155667242,4020.50789754842,6.0,2.0,0.0,0.0,0.0,9.0,High
Comoros,COM,Lower middle income,2001,0.3009,25.45,900,4.615384615384615,1188.501070493566,0.0,0.0,0.0,0.0,0.0,0.0,Low
Cuba,CUB,Upper middle income,2001,3.2689,25.17,1335,55.06820005349024,4229.903094333557,1.0,0.0,0.0,0.0,0.0,1.0,Low
Dominican Republic,DOM,Upper middle income,2001,4.895,23.88,1410,108.8343558282209,4158.984302824295,1.0,0.0,0.0,0.0,0.0,1.0,Low
Ecuador,ECU,Upper middle income,2001,3.6,20.14,2274,233.1006666666667,4049.000188995097,3.0,2.0,0.0,0.0,0.0,6.0,High
El Salvador,SLV,Upper middle income,2001,6.0284,25.43,1784,117.4165596919127,2978.597348446686,4.0,1.0,1.0,0.0,0.0,7.0,High
Eswatini,SWZ,Lower middle income,2001,3.7643,19.25,788,39.32584269662922,2283.983168153611,1.0,0.0,1.0,0.0,0.0,2.5,Medium
Fiji,FJI,Upper middle income,2001,2.4353,24.33,2592,90.9090909090909,3998.797292088675,0.0,0.0,0.0,0.0,0.0,0.0,Low
Gabon,GAB,Upper middle income,2001,2.1416,24.15,1831,0.9230769230769231,7556.769953148979,1.0,0.0,0.0,0.0,0.0,1.0,Low
Ghana,GHA,Lower middle income,2001,2.0185,26.94,1187,8.180012259868183,1035.226660532575,3.0,1.0,0.0,0.0,0.0,4.5,Medium
Guatemala,GTM,Upper middle income,2001,1.9229,21.43,1996,115.5548035981164,3166.203512974522,4.0,0.0,1.0,0.0,0.0,5.5,High
Guinea,GIN,Lower middle income,2001,1.7194,25.79,1651,1.167883211678832,628.3205548649361,2.0,1.0,0.0,0.0,0.0,3.5,Medium
Haiti,HTI,Lower middle income,2001,2.0117,24.99,1440,15.47111111111111,1314.114196939687,2.0,1.0,0.0,0.0,0.0,3.5,Medium
Honduras,HND,Lower middle income,2001,3.4989,22.93,1976,141.8539325842697,1789.188160321171,2.0,0.0,1.0,0.0,0.0,3.5,Medium
India,IND,Lower middle income,2001,3.1164,22.42,1083,108.182198658974,778.5073775283648,22.0,9.0,0.0,0.0,0.0,35.5,High
Indonesia,IDN,Upper middle income,2001,4.387899999999999,25.11,2702,147.054679226353,1868.591723072922,9.0,3.0,0.0,0.0,0.0,13.5,High
Iraq,IRQ,Upper middle income,2001,1.28,23.93,216,148.6511627906977,4116.094053202787,0.0,0.0,0.0,0.0,0.0,0.0,Low
Jamaica,JAM,Upper middle income,2001,1.375,25.41,2051,148.9642857142857,5234.027443978055,1.0,0.0,0.0,0.0,0.0,1.0,Low
Kazakhstan,KAZ,Upper middle income,2001,2.8714,6.651,250,1.716638793993127,4822.528628026686,2.0,1.0,0.0,0.0,0.0,3.5,Medium
Kenya,KEN,Lower middle income,2001,3.4091,22.42,630,29.24921996879875,1202.293487599874,4.0,0.0,0.0,0.0,0.0,4.0,Medium
Madagascar,MDG,Low income,2001,2.1956,21.91,1513,3.068135593220339,478.4056149498696,0.0,0.0,0.0,0.0,0.0,0.0,Low
Malawi,MWI,Low income,2001,1.8576,22.32,1181,9.64280701754386,388.2600397635689,5.0,2.0,0.0,0.0,0.0,8.0,High
Malaysia,MYS,Upper middle income,2001,3.1101,26.11,2875,1289.30102622577,6334.927956516982,4.0,4.0,0.0,0.0,0.0,10.0,High
Mali,MLI,Low income,2001,2.0095,28.56,282,9.271523178807946,766.9603432463066,2.0,1.0,1.0,0.0,0.0,5.0,Medium
Mauritania,MRT,Lower middle income,2001,4.5266,28.97,92,6.444444444444445,1262.655672886389,2.0,1.0,1.0,0.0,0.0,5.0,Medium
Mexico,MEX,Upper middle income,2001,4.2576,20.54,758,80.5744028335709,9398.350743557245,5.0,1.0,0.0,0.0,0.0,6.5,High
Morocco,MAR,Lower middle income,2001,5.2773,18.71,346,42.4363807728558,2078.96606445313,1.0,1.0,0.0,0.0,0.0,2.5,Medium
Mozambique,MOZ,Low income,2001,0.9582,23.72,1032,6.225,317.1857035810339,4.0,2.0,1.0,0.0,0.0,8.5,High
Myanmar,MMR,Lower middle income,2001,3.4179,24.51,2091,9.57957957957958,328.973872713504,1.0,1.0,0.0,0.0,0.0,2.5,Medium
Nepal,NPL,Lower middle income,2001,2.6754,13.16,1500,30.79660297239915,564.2862292039097,3.0,0.0,0.0,0.0,0.0,3.0,Medium
Nicaragua,NIC,Lower middle income,2001,2.9281,25.39,2280,10.10146443514644,1482.315172472791,2.0,0.0,1.0,0.0,0.0,3.5,Medium
Niger,NER,Low income,2001,2.7565,27.87,151,0.356621331424481,406.9234936652638,5.0,1.0,1.0,0.0,0.0,8.0,High
Nigeria,NGA,Lower middle income,2001,1.3,26.51,1150,6.198984600712462,1465.457203423093,8.0,3.0,0.0,0.0,0.0,12.5,High
North Macedonia,MKD,Upper middle income,2001,5.2667,11.02,619,39.26056338028169,3169.325143689311,1.0,0.0,0.0,0.0,0.0,1.0,Low
Pakistan,PAK,Lower middle income,2001,2.7542,23.048,494,94.07188498402556,1057.867677786458,6.0,1.0,0.0,0.0,0.0,7.5,High
Papua New Guinea,PNG,Lower middle income,2001,2.0,22.34,3142,56.19047619047619,1920.780038893932,2.0,0.0,0.0,0.0,0.0,2.0,Low
Paraguay,PRY,Upper middle income,2001,3.9797,22.9,1130,21.51368760064412,3972.884278667388,0.0,0.0,0.0,0.0,0.0,0.0,Low
Peru,PER,Upper middle income,2001,6.694100000000001,15.46,1738,75.88297084752915,3261.664250513599,7.0,3.0,0.0,0.0,0.0,11.5,High
Philippines,PHL,Lower middle income,2001,3.1866,25.85,2348,156.7847110754414,1807.70892524758,12.0,3.0,0.0,0.0,0.0,16.5,High
Rwanda,RWA,Low income,2001,3.0668,18.68,1212,0.2727272727272727,358.4460586914521,2.0,2.0,0.0,0.0,0.0,5.0,Medium
Senegal,SEN,Lower middle income,2001,2.3729,27.73,686,9.648273636656986,1067.368865505949,0.0,0.0,0.0,0.0,0.0,0.0,Low
Sierra Leone,SLE,Low income,2001,1.0,25.6,2526,0.4401925108580819,642.0366458443037,1.0,0.0,0.0,0.0,0.0,1.0,Low
South Africa,ZAF,Upper middle income,2001,2.2857,17.42,495,55.7179393496529,4786.482450462999,6.0,2.0,0.0,0.0,0.0,9.0,High
Sri Lanka,LKA,Lower middle income,2001,3.5228,26.49,1712,270.9759076274009,1896.482517340684,2.0,1.0,1.0,0.0,0.0,5.0,Medium
Suriname,SUR,Upper middle income,2001,3.7671,25.92,2331,98.24561403508773,6255.552741856872,0.0,0.0,0.0,0.0,0.0,0.0,Low
Tajikistan,TJK,Lower middle income,2001,2.61,5.372,691,15.45338441890166,461.6811957602565,3.0,1.0,0.0,0.0,0.0,4.5,Medium
Thailand,THA,Upper middle income,2001,2.7963,26.81,1622,94.9414815650017,3599.025248773576,6.0,5.0,0.0,0.0,0.0,13.5,High
Togo,TGO,Low income,2001,1.9324,26.91,1168,8.384279475982533,667.298334712527,2.0,0.0,0.0,0.0,0.0,2.0,Low
Turkmenistan,TKM,Upper middle income,2001,1.1143,16.71,161,70.00173691809728,2306.300576316881,0.0,0.0,0.0,0.0,0.0,0.0,Low
Uganda,UGA,Low income,2001,1.5,22.16,1180,1.074074074074074,519.4565478908837,4.0,2.0,0.0,0.0,0.0,7.0,High
Ukraine,UKR,Upper middle income,2001,3.6548,9.014,565,14.56803024249316,1547.2783203125,1.0,1.0,0.0,0.0,0.0,2.5,Medium
Uzbekistan,UZB,Lower middle income,2001,2.3256,13.22,206,160.7453693372015,1306.606331751142,0.0,0.0,0.0,0.0,0.0,0.0,Low
Zambia,ZMB,Lower middle income,2001,1.2562,21.84,1020,13.37252020573108,822.0209353082508,2.0,1.0,0.0,0.0,0.0,3.5,Medium
Zimbabwe,ZWE,Lower middle income,2001,1.6099,20.61,657,42.27777777777778,1690.146661631156,2.0,1.0,1.0,0.0,0.0,5.0,Medium
Afghanistan,AFG,Low income,2002,2.8741,10.21,327,3.194451680125033,338.1399736433871,16.0,4.0,0.0,-0.2599999999999998,0.0,22.0,High
Algeria,DZA,Upper middle income,2002,1.305,18.63,89,9.641579435537299,3754.660815384459,2.0,2.0,0.0,-0.35999999999999943,0.0,5.0,Medium
Angola,AGO,Lower middle income,2002,1.3198,22.39,1010,1.659032258064516,2404.977920715314,0.0,0.0,0.0,0.0,0.0,0.0,Low
Azerbaijan,AZE,Upper middle income,2002,4.6532,11.49,447,10.43378871169651,1782.473191836391,0.0,0.0,0.0,-0.5999999999999996,0.0,0.0,Low
Bangladesh,BGD,Lower middle income,2002,3.4683,25.21,2666,188.6391615170241,655.6721393622719,7.0,1.0,0.0,0.010000000000001563,0.0,8.5,High
Belize,BLZ,Upper middle income,2002,2.2935,25.5,1705,367.7285714285715,5895.152350378978,0.0,0.0,0.0,0.39000000000000057,0.0,0.0,Low
Benin,BEN,Lower middle income,2002,2.1961,26.96,1039,16.36666666666667,893.137100961634,1.0,0.0,0.0,-0.0799999999999983,0.0,1.0,Low
Bhutan,BTN,Lower middle income,2002,1.9987,10.34,2200,6.942307692307693,1427.256933173146,0.0,0.0,0.0,0.0,0.0,0.0,Low
Brazil,BRA,Upper middle income,2002,3.3246,24.67,1761,164.9113128191923,6944.622575937227,6.0,2.0,1.0,0.2700000000000031,-1.1784511784511786,10.5,High
Burkina Faso,BFA,Low income,2002,1.901,28.59,748,0.3728589064241197,448.1288563170914,0.0,0.0,0.0,0.14000000000000057,0.0,0.0,Low
Burundi,BDI,Low income,2002,3.2629,20.3,1274,1.343813387423935,266.9681416483418,5.0,2.0,0.0,0.4700000000000024,0.0,8.0,High
Cambodia,KHM,Lower middle income,2002,1.9164,28.08,1904,6.937297297297297,662.1883412834542,2.0,1.0,1.0,0.0,0.0,5.0,Medium
Cameroon,CMR,Lower middle income,2002,1.1137,24.12,1604,9.768624161073825,1189.967078970265,0.0,0.0,0.0,0.19000000000000128,0.0,0.0,Low
Chad,TCD,Low income,2002,1.2994,27.83,322,3.135405405405405,600.1714519746407,0.0,0.0,0.0,0.25,0.0,0.0,Low
China,CHN,Upper middle income,2002,6.1856,12.98,645,333.5089292050844,2610.72960252379,28.0,10.0,3.0,0.2400000000000002,0.0,47.5,High
Colombia,COL,Upper middle income,2002,4.8001,22.7,3240,342.4751866827028,4058.284935787379,5.0,4.0,0.0,0.3099999999999987,0.0,11.0,High
Comoros,COM,Lower middle income,2002,0.2999,25.56,900,0.8615384615384616,1217.115015599429,0.0,0.0,0.0,0.10999999999999943,0.0,0.0,Low
Cuba,CUB,Upper middle income,2002,3.4959,25.53,1335,37.26224328593997,4277.39565642359,3.0,1.0,0.0,0.35999999999999943,0.0,4.5,Medium
Dominican Republic,DOM,Upper middle income,2002,4.8593,24.03,1410,73.37266907876426,4280.801823974078,1.0,1.0,0.0,0.15000000000000213,0.0,2.5,Medium
Ecuador,ECU,Upper middle income,2002,3.8746,20.49,2274,167.6220588235294,4174.89793579965,6.0,2.0,0.0,0.34999999999999787,0.0,9.0,High
El Salvador,SLV,Upper middle income,2002,5.9384,25.93,1784,79.81915065396416,3016.06307728602,3.0,1.0,0.0,0.5,0.0,4.5,Medium
Eswatini,SWZ,Lower middle income,2002,4.0489,19.39,788,59.86516853932584,2358.569356434677,0.0,0.0,0.0,0.14000000000000057,0.0,0.0,Low
Fiji,FJI,Upper middle income,2002,2.4249,24.49,2592,116.6218809980806,4086.104341305776,0.0,0.0,0.0,0.16000000000000014,0.0,0.0,Low
Gabon,GAB,Upper middle income,2002,2.1803,24.64,1831,5.578461538461538,7338.75620613605,0.0,0.0,0.0,0.490000000000002,0.0,0.0,Low
Ghana,GHA,Lower middle income,2002,2.2799,27.04,1187,4.076763318585308,1052.465916443987,2.0,2.0,0.0,0.09999999999999787,0.0,5.0,Medium
Guatemala,GTM,Upper middle income,2002,1.1989,21.91,1996,76.63425990795331,3213.268373695822,4.0,1.0,0.0,0.4800000000000004,0.0,5.5,High
Guinea,GIN,Lower middle income,2002,1.7289,26.06,1651,0.8755928493250639,650.5549639732907,1.0,0.0,0.0,0.2699999999999996,0.0,1.0,Low
Haiti,HTI,Lower middle income,2002,2.0,25.2,1440,11.28111111111111,1304.529381038504,2.0,1.0,0.0,0.21000000000000085,0.0,3.5,Medium
Honduras,HND,Lower middle income,2002,2.3573,23.44,1976,41.5749063670412,1807.973055472916,4.0,2.0,1.0,0.5100000000000016,0.0,8.5,High
India,IND,Lower middle income,2002,2.6901,22.66,1083,100.3290553006881,793.6159129063807,18.0,6.0,1.0,0.23999999999999844,0.0,28.5,High
Indonesia,IDN,Upper middle income,2002,4.4691,25.33,2702,138.7448860152723,1926.374358681486,15.0,7.0,0.0,0.21999999999999886,0.0,25.5,High
Iraq,IRQ,Upper middle income,2002,2.5,23.39,216,141.0222222222222,3660.92527507177,0.0,0.0,0.0,-0.5399999999999991,0.0,0.0,Low
Jamaica,JAM,Upper middle income,2002,0.9091,25.6,2051,94.67407407407407,5305.876586972441,3.0,1.0,0.0,0.19000000000000128,0.0,4.5,Medium
Kazakhstan,KAZ,Upper middle income,2002,3.0288,7.396,250,0.8360997534034904,5267.699032026304,0.0,0.0,0.0,0.7450000000000001,0.0,0.0,Low
Kenya,KEN,Lower middle income,2002,3.4615,22.65,630,27.31310155175801,1171.426251734903,5.0,4.0,0.0,0.22999999999999687,0.0,11.0,High
Liberia,LBR,Low income,2002,0.9167000000000001,25.0,2391,7.795,762.7163939270637,1.0,0.0,0.0,0.0,0.0,1.0,Low
Madagascar,MDG,Low income,2002,2.1414,21.92,1513,2.103389830508474,406.7012221363701,4.0,0.0,1.0,0.010000000000001563,0.0,5.5,High
Malawi,MWI,Low income,2002,1.6425,22.32,1181,29.71368421052632,385.3089802370948,5.0,2.0,1.0,0.0,0.0,9.5,High
Malaysia,MYS,Upper middle income,2002,3.2385,26.5,2875,1183.445994832041,6516.906715601545,2.0,0.0,0.0,0.39000000000000057,0.0,2.0,Low
Mali,MLI,Low income,2002,1.9439,28.95,282,18.41489795918367,766.0736690424463,2.0,1.0,0.0,0.39000000000000057,0.0,3.5,Medium
Mauritania,MRT,Lower middle income,2002,4.5602,28.66,92,4.853333333333333,1252.10300454131,1.0,1.0,0.0,-0.3099999999999987,0.0,2.5,Medium
Mexico,MEX,Upper middle income,2002,4.5027,20.72,758,68.66589026915113,9242.278861300165,8.0,2.0,1.0,0.17999999999999972,0.0,12.5,High
Morocco,MAR,Lower middle income,2002,4.1453,18.21,346,65.55427279219234,2127.50708007813,1.0,1.0,0.0,-0.5,0.0,2.5,Medium
Mozambique,MOZ,Low income,2002,0.4659,23.81,1032,5.977528089887641,340.13537022259,4.0,1.0,1.0,0.08999999999999986,0.0,7.0,High
Myanmar,MMR,Lower middle income,2002,3.4194,24.59,2091,4.290103427296694,364.8558001974765,1.0,1.0,0.0,0.0799999999999983,0.0,2.5,Medium
Nepal,NPL,Lower middle income,2002,2.6753,12.95,1500,16.68094218415418,556.4384545387963,3.0,0.0,0.0,-0.21000000000000085,0.0,3.0,Medium
Nicaragua,NIC,Lower middle income,2002,3.1853,25.78,2280,29.57678292555961,1475.486354111786,3.0,1.0,0.0,0.39000000000000057,0.0,4.5,Medium
Niger,NER,Low income,2002,3.1638,28.12,151,0.6118194842406877,412.1237931925778,3.0,0.0,0.0,0.25,0.0,3.0,Medium
Nigeria,NGA,Lower middle income,2002,1.34,26.57,1150,4.314671598296346,1644.395188776326,9.0,1.0,0.0,0.05999999999999872,0.0,10.5,High
North Macedonia,MKD,Upper middle income,2002,4.738,11.11,619,37.81362725450902,3240.11064526089,2.0,1.0,0.0,0.08999999999999986,0.0,3.5,Medium
Pakistan,PAK,Lower middle income,2002,3.0192,23.476,494,97.7847533632287,1059.041710245891,10.0,3.0,0.0,0.4280000000000008,0.0,14.5,High
Papua New Guinea,PNG,Lower middle income,2002,1.929,22.34,3142,31.16363636363636,1854.418317374619,6.0,0.0,0.0,0.0,0.0,6.0,High
Paraguay,PRY,Upper middle income,2002,3.8841,23.1,1130,47.71588785046729,3916.440223087315,2.0,1.0,0.0,0.20000000000000284,0.0,3.5,Medium
Peru,PER,Upper middle income,2002,6.687600000000001,15.81,1738,74.40314816884147,3398.749914192974,5.0,3.0,1.0,0.34999999999999964,0.0,11.0,High
Philippines,PHL,Lower middle income,2002,3.2797,25.97,2348,139.3404255319149,1837.254292868539,12.0,4.0,1.0,0.11999999999999744,0.0,19.5,High
Rwanda,RWA,Low income,2002,3.2658,19.11,1212,2.194444444444445,400.2704212649114,3.0,1.0,0.0,0.4299999999999997,0.0,4.5,Medium
Senegal,SEN,Lower middle income,2002,2.2676,27.65,686,11.7944262295082,1042.255099442892,4.0,1.0,1.0,-0.08000000000000185,0.0,7.0,High
Sierra Leone,SLE,Low income,2002,1.0049,25.77,2526,4.584212376933896,766.7886937429009,0.0,0.0,0.0,0.16999999999999815,0.0,0.0,Low
Solomon Islands,SLB,Lower middle income,2002,4.5984,26.01,3028,0.8,1504.846729669303,1.0,0.0,0.0,0.0,0.0,1.0,Low
South Africa,ZAF,Upper middle income,2002,2.3563,17.63,495,61.20489051094891,4916.814980686249,9.0,1.0,0.0,0.2099999999999973,0.0,10.5,High
Sri Lanka,LKA,Lower middle income,2002,3.4889,26.57,1712,309.7251195132551,1951.225227770446,1.0,1.0,0.0,0.08000000000000185,0.0,2.5,Medium
Suriname,SUR,Upper middle income,2002,3.9227,26.07,2331,92.17777777777778,6301.317310431669,0.0,0.0,0.0,0.14999999999999858,0.0,0.0,Low
Tajikistan,TJK,Lower middle income,2002,2.8523,5.278,691,40.97823303457106,501.8085664711703,6.0,4.0,0.0,-0.0940000000000003,0.0,12.0,High
Thailand,THA,Upper middle income,2002,2.9041,27.07,1622,100.000843597098,3783.754220732665,6.0,2.0,1.0,0.26000000000000156,0.0,10.5,High
Togo,TGO,Low income,2002,2.1627,26.86,1168,5.755844155844156,675.440797960321,1.0,0.0,0.0,-0.05000000000000071,0.0,1.0,Low
Turkmenistan,TKM,Upper middle income,2002,1.9048,16.43,161,67.20738077581822,2266.633662563603,0.0,0.0,0.0,-0.28000000000000114,0.0,0.0,Low
Uganda,UGA,Low income,2002,1.5,22.65,1180,1.332678571428571,547.4053389198752,4.0,2.0,1.0,0.48999999999999844,0.0,8.5,High
Ukraine,UKR,Upper middle income,2002,3.9894,9.472,565,15.94939159292035,1644.28125,0.0,0.0,0.0,0.4580000000000002,0.0,0.0,Low
Uzbekistan,UZB,Lower middle income,2002,2.882,13.0,206,160.3479036574487,1341.959959816715,0.0,0.0,0.0,-0.22000000000000064,0.0,0.0,Low
Zambia,ZMB,Lower middle income,2002,1.2562,22.19,1020,26.07474825716499,833.0211775490037,0.0,0.0,0.0,0.3500000000000014,0.0,0.0,Low
Zimbabwe,ZWE,Lower middle income,2002,1.5019,21.18,657,35.7013698630137,1525.079357065642,2.0,0.0,0.0,0.5700000000000003,0.0,2.0,Low
Afghanistan,AFG,Low income,2003,2.9931,9.661,327,3.478512609366958,346.0716270962232,9.0,8.0,0.0,-0.5490000000000013,0.0,21.0,High
Algeria,DZA,Upper middle income,2003,1.2888,18.69,89,6.001172754774311,3945.898160940073,7.0,3.0,0.0,0.060000000000002274,0.0,11.5,High
Angola,AGO,Lower middle income,2003,1.3768,22.57,1010,1.788787878787879,2403.404151570378,2.0,2.0,0.0,0.17999999999999972,0.0,5.0,Medium
Azerbaijan,AZE,Upper middle income,2003,4.7042,10.95,447,7.642099537666576,1949.606084173313,1.0,1.0,0.0,-0.5400000000000009,0.0,2.5,Medium
Bangladesh,BGD,Lower middle income,2003,3.5773,25.2,2666,160.2668935342732,676.826252046427,7.0,2.0,0.0,-0.010000000000001563,0.0,10.0,High
Belize,BLZ,Upper middle income,2003,2.8125,25.65,1705,382.3714285714286,6274.47428279313,0.0,0.0,0.0,0.14999999999999858,0.0,0.0,Low
Benin,BEN,Lower middle income,2003,2.3116,27.16,1039,0.8022641509433962,896.1467632017358,1.0,0.0,0.0,0.1999999999999993,0.0,1.0,Low
Bhutan,BTN,Lower middle income,2003,2.2871,10.31,2200,6.993630573248407,1506.415275178201,0.0,0.0,0.0,-0.02999999999999936,0.0,0.0,Low
Brazil,BRA,Upper middle income,2003,3.249,24.55,1782,188.7633480997902,6941.439658832527,5.0,5.0,0.0,-0.120000000000001,1.1925042589437718,12.5,High
Burkina Faso,BFA,Low income,2003,1.9997,28.47,748,9.606625054635007,468.2630477901242,2.0,1.0,0.0,-0.120000000000001,0.0,3.5,Medium
Burundi,BDI,Low income,2003,3.1413,20.55,1274,0.3040404040404041,255.5008233856123,2.0,0.0,1.0,0.25,0.0,3.5,Medium
Cambodia,KHM,Lower middle income,2003,2.1012,27.84,1904,5.483783783783784,719.3334942405086,0.0,0.0,0.0,-0.23999999999999844,0.0,0.0,Low
Cameroon,CMR,Lower middle income,2003,1.187,24.34,1604,8.15520134228188,1221.094461414539,1.0,0.0,0.0,0.21999999999999886,0.0,1.0,Low
Chad,TCD,Low income,2003,1.1859,27.87,322,2.761842105263158,661.5569166816766,1.0,0.0,0.0,0.0400000000000027,0.0,1.0,Low
China,CHN,Upper middle income,2003,6.0606,12.73,645,328.658260424965,2857.037353811501,27.0,6.0,2.0,-0.25,0.0,39.0,High
Colombia,COL,Upper middle income,2003,4.8536,22.68,3240,361.7831240927169,4154.175285236175,4.0,3.0,0.0,-0.019999999999999574,0.0,8.5,High
Comoros,COM,Lower middle income,2003,0.299,25.64,900,0.3846153846153846,1216.980367129485,1.0,0.0,0.0,0.08000000000000185,0.0,1.0,Low
Cuba,CUB,Upper middle income,2003,3.4985,25.72,1335,14.8907249466951,4426.965995918332,1.0,1.0,0.0,0.18999999999999773,0.0,2.5,Medium
Dominican Republic,DOM,Upper middle income,2003,4.6392,24.01,1410,55.87578070096264,4162.666861176606,4.0,2.0,0.0,-0.019999999999999574,0.0,7.0,High
Ecuador,ECU,Upper middle income,2003,3.8726,20.33,2274,156.8221709006928,4220.212984666379,2.0,1.0,0.0,-0.16000000000000014,0.0,3.5,Medium
El Salvador,SLV,Upper middle income,2003,6.7816,25.68,1784,86.5209619759506,3057.164676290974,1.0,0.0,0.0,-0.25,0.0,1.0,Low
Eswatini,SWZ,Lower middle income,2003,4.1072,19.94,788,47.69101123595506,2448.83792077995,0.0,0.0,0.0,0.5500000000000007,0.0,0.0,Low
Fiji,FJI,Upper middle income,2003,2.3852,24.09,2592,33.26219512195122,4087.724491010234,1.0,0.0,0.0,-0.3999999999999986,0.0,1.0,Low
Gabon,GAB,Upper middle income,2003,2.2193,24.78,1831,3.612307692307692,7301.671544428417,0.0,0.0,0.0,0.14000000000000057,0.0,0.0,Low
Ghana,GHA,Lower middle income,2003,2.0411,27.17,1187,7.35845540156673,1077.699908666445,0.0,0.0,0.0,0.13000000000000256,0.0,0.0,Low
Guatemala,GTM,Upper middle income,2003,1.3623,22.04,1996,91.671826625387,3222.154682936827,2.0,0.0,0.0,0.129999999999999,0.0,2.0,Low
Guinea,GIN,Lower middle income,2003,1.7384,25.98,1651,0.7166301969365426,644.0712179088938,1.0,0.0,0.0,-0.0799999999999983,0.0,1.0,Low
Haiti,HTI,Lower middle income,2003,1.9982,25.2,1440,16.11333333333333,1326.471610422117,6.0,3.0,1.0,0.0,0.0,12.0,High
Honduras,HND,Lower middle income,2003,3.5379,23.46,1976,54.95880149812734,1842.297500188125,2.0,2.0,0.0,0.019999999999999574,0.0,5.0,Medium
India,IND,Lower middle income,2003,3.0926,22.47,1083,105.1772038623521,841.2788945716736,17.0,6.0,0.0,-0.19000000000000128,0.0,26.0,High
Indonesia,IDN,Upper middle income,2003,4.5426,25.31,2702,163.7671813165375,1991.918205064731,16.0,8.0,1.0,-0.019999999999999574,0.0,29.5,High
Iraq,IRQ,Upper middle income,2003,3.0508,23.38,216,25.48888888888889,2250.06990123369,1.0,0.0,0.0,-0.010000000000001563,0.0,1.0,Low
Jamaica,JAM,Upper middle income,2003,1.0769,25.69,2051,112.1925925925926,5467.174069882359,0.0,0.0,0.0,0.08999999999999986,0.0,0.0,Low
Kazakhstan,KAZ,Upper middle income,2003,3.2696,6.016,250,1.190392187301542,5724.431992480542,1.0,0.0,0.0,-1.38,0.0,1.0,Low
Kenya,KEN,Lower middle income,2003,3.7568,22.79,630,33.09677419354838,1169.144336740508,2.0,2.0,0.0,0.14000000000000057,0.0,5.0,Medium
Liberia,LBR,Low income,2003,0.8332999999999999,25.13,2391,8.5725,528.5673955434206,2.0,0.0,0.0,0.129999999999999,0.0,2.0,Low
Madagascar,MDG,Low income,2003,2.2962,21.94,1513,2.359661016949153,433.6010403012136,4.0,1.0,0.0,0.019999999999999574,0.0,5.5,High
Malawi,MWI,Low income,2003,1.6212,22.12,1181,31.07733333333333,397.224846758815,2.0,2.0,0.0,-0.1999999999999993,0.0,5.0,Medium
Malaysia,MYS,Upper middle income,2003,3.3596,26.34,2875,1235.830233344606,6732.920494580987,3.0,3.0,0.0,-0.16000000000000014,0.0,7.5,High
Mali,MLI,Low income,2003,2.3129,28.85,282,12.86267250084147,814.8084665251909,2.0,1.0,0.0,-0.09999999999999787,0.0,3.5,Medium
Mauritania,MRT,Lower middle income,2003,3.7441,28.62,92,5.746666666666667,1308.563075825783,1.0,1.0,0.0,-0.03999999999999915,0.0,2.5,Medium
Mexico,MEX,Upper middle income,2003,4.555,20.79,758,67.16324200913242,9221.996666930965,9.0,3.0,0.0,0.07000000000000028,0.0,13.5,High
Morocco,MAR,Lower middle income,2003,4.9706,18.31,346,55.31120927664274,2229.576171875,1.0,1.0,0.0,0.09999999999999787,0.0,2.5,Medium
Mozambique,MOZ,Low income,2003,0.6006,23.76,1032,0.7362222222222222,356.5211574041249,9.0,3.0,1.0,-0.04999999999999716,0.0,15.0,High
Myanmar,MMR,Lower middle income,2003,3.544,24.61,2091,10.30900416201401,411.4987641275573,0.0,0.0,0.0,0.019999999999999574,0.0,0.0,Low
Nepal,NPL,Lower middle income,2003,2.8573,12.92,1500,5.058747300215983,570.2896736342799,2.0,1.0,0.0,-0.02999999999999936,0.0,3.5,Medium
Nicaragua,NIC,Lower middle income,2003,3.2002,25.82,2280,33.8612118073537,1494.956187525658,0.0,0.0,0.0,0.03999999999999915,0.0,0.0,Low
Niger,NER,Low income,2003,3.1042,28.24,151,0.2936654804270463,406.3337574978762,2.0,1.0,0.0,0.11999999999999744,0.0,3.5,Medium
Nigeria,NGA,Lower middle income,2003,1.41,26.78,1150,6.017385705086928,1717.214511117599,1.0,1.0,0.0,0.21000000000000085,0.0,2.5,Medium
North Macedonia,MKD,Upper middle income,2003,4.255100000000001,11.01,619,40.17197452229299,3307.92040834712,2.0,2.0,0.0,-0.09999999999999964,0.0,5.0,Medium
Pakistan,PAK,Lower middle income,2003,2.9551,23.045,494,100.9701827508817,1090.275239937456,6.0,3.0,0.0,-0.4309999999999974,0.0,10.5,High
Papua New Guinea,PNG,Lower middle income,2003,1.9237,22.33,3142,37.86222222222222,1832.678703144467,2.0,0.0,0.0,-0.010000000000001563,0.0,2.0,Low
Paraguay,PRY,Upper middle income,2003,3.6383,22.67,1130,66.26088021555303,4035.718339199361,0.0,0.0,0.0,-0.4299999999999997,0.0,0.0,Low
Peru,PER,Upper middle income,2003,6.7942,15.84,1738,77.05581520862461,3502.791656876459,3.0,2.0,0.0,0.02999999999999936,0.0,6.0,High
Philippines,PHL,Lower middle income,2003,3.3696,25.89,2348,166.9963782696177,1892.821619950508,10.0,1.0,0.0,-0.0799999999999983,0.0,11.5,High
Rwanda,RWA,Low income,2003,3.6665,19.32,1212,2.188561215370867,400.1916206487258,2.0,1.0,1.0,0.21000000000000085,0.0,5.0,Medium
Senegal,SEN,Lower middle income,2003,2.6397,27.34,686,10.93860845839018,1074.385784676856,1.0,1.0,0.0,-0.3099999999999987,0.0,2.5,Medium
Sierra Leone,SLE,Low income,2003,1.0128,25.85,2526,0.2814008587577931,806.0664890121444,1.0,0.0,0.0,0.08000000000000185,0.0,1.0,Low
Solomon Islands,SLB,Lower middle income,2003,3.2076,26.04,3028,2.625,1573.843484357673,2.0,0.0,0.0,0.029999999999997584,0.0,2.0,Low
South Africa,ZAF,Upper middle income,2003,2.3873,18.05,495,55.15007352941176,5011.622231501694,2.0,1.0,0.0,0.4200000000000017,0.0,3.5,Medium
Sri Lanka,LKA,Lower middle income,2003,3.3696,26.6,1712,259.1842105263158,2052.030450787871,1.0,1.0,0.0,0.030000000000001137,0.0,2.5,Medium
Suriname,SUR,Upper middle income,2003,3.6945,26.38,2331,109.0545454545454,6567.843098768473,0.0,0.0,0.0,0.3099999999999987,0.0,0.0,Low
Tajikistan,TJK,Lower middle income,2003,3.4604,4.606,691,22.66751918158568,546.391479808684,4.0,1.0,0.0,-0.6719999999999997,0.0,5.5,High
Thailand,THA,Upper middle income,2003,2.9354,26.94,1622,126.5442199775533,4018.155381870682,5.0,3.0,0.0,-0.129999999999999,0.0,9.5,High
Togo,TGO,Low income,2003,2.17,26.98,1168,7.858369098712446,702.7992559608691,1.0,0.0,0.0,0.120000000000001,0.0,1.0,Low
Turkmenistan,TKM,Upper middle income,2003,2.6071,15.77,161,69.77117419986992,2295.296205745406,0.0,0.0,0.0,-0.6600000000000001,0.0,0.0,Low
Uganda,UGA,Low income,2003,1.5349,22.75,1180,1.595042735042735,564.7205391965689,3.0,2.0,0.0,0.10000000000000142,0.0,6.0,High
Ukraine,UKR,Upper middle income,2003,3.75,8.242,565,15.77835591133005,1814.25854492188,1.0,1.0,0.0,-1.2299999999999986,0.0,2.5,Medium
Uzbekistan,UZB,Lower middle income,2003,2.8992,12.38,206,155.9055118110236,1381.825728088202,0.0,0.0,0.0,-0.6199999999999992,0.0,0.0,Low
Zambia,ZMB,Lower middle income,2003,1.4416,22.04,1020,26.17292971468337,863.6501906567852,3.0,2.0,0.0,-0.15000000000000213,0.0,6.0,High
Zimbabwe,ZWE,Lower middle income,2003,1.392,20.97,657,40.00876712328767,1250.919483312313,3.0,1.0,0.0,-0.21000000000000085,0.0,4.5,Medium
Afghanistan,AFG,Low income,2004,2.3744,10.4,327,4.243858751279427,338.6372738881967,3.0,2.0,0.0,0.7390000000000008,0.0,6.0,High
Algeria,DZA,Upper middle income,2004,1.2891,18.18,89,25.09515547844655,4066.282048064954,4.0,2.0,0.0,-0.5100000000000016,0.0,7.0,High
Angola,AGO,Lower middle income,2004,1.1584,22.23,1010,4.501515151515152,2583.324114612885,5.0,3.0,1.0,-0.33999999999999986,0.0,11.0,High
Azerbaijan,AZE,Upper middle income,2004,3.981,11.7,447,11.97479219862009,2111.453383447501,0.0,0.0,0.0,0.75,0.0,0.0,Low
Bangladesh,BGD,Lower middle income,2004,3.5359,25.31,2666,170.6713741864178,702.6563570818726,10.0,3.0,0.0,0.10999999999999943,0.0,14.5,High
Belize,BLZ,Upper middle income,2004,3.3294,25.59,1705,78.65714285714286,6383.07432412662,1.0,0.0,0.0,-0.05999999999999872,0.0,1.0,Low
Benin,BEN,Lower middle income,2004,2.6137,27.08,1039,0.05471698113207547,907.6244312093777,0.0,0.0,0.0,-0.08000000000000185,0.0,0.0,Low
Bhutan,BTN,Lower middle income,2004,2.8816,10.26,2200,7.39873417721519,1552.739151958014,1.0,1.0,0.0,-0.05000000000000071,0.0,2.5,Medium
Brazil,BRA,Upper middle income,2004,3.5565,24.35,1782,229.8192897227574,7258.781016540793,5.0,2.0,1.0,-0.1999999999999993,0.0,9.5,High
Burkina Faso,BFA,Low income,2004,1.5047,28.66,748,10.22376844060371,474.086412333459,2.0,0.0,0.0,0.19000000000000128,0.0,2.0,Low
Burundi,BDI,Low income,2004,3.2924,20.44,1274,1.111675126903553,258.0500091153332,4.0,1.0,0.0,-0.10999999999999943,0.0,5.5,High
Cambodia,KHM,Lower middle income,2004,1.9773,27.73,1904,6.812432432432432,775.8471390309785,1.0,1.0,0.0,-0.10999999999999943,0.0,2.5,Medium
Cameroon,CMR,Lower middle income,2004,1.2416,24.32,1604,11.06275167785235,1271.743268741671,1.0,0.0,0.0,-0.019999999999999574,0.0,1.0,Low
Chad,TCD,Low income,2004,0.9705,27.92,322,3.82,845.5181311734194,3.0,0.0,0.0,0.05000000000000071,0.0,3.0,Medium
China,CHN,Upper middle income,2004,6.3084,12.85,645,352.2643517379721,3127.862765236318,24.0,9.0,0.0,0.11999999999999922,0.0,37.5,High
Colombia,COL,Upper middle income,2004,4.8038,22.68,3240,408.7074043639363,4311.915912552334,4.0,2.0,0.0,0.0,0.0,7.0,High
Comoros,COM,Lower middle income,2004,0.3013,25.44,900,0.4769230769230769,1231.147467988489,0.0,0.0,0.0,-0.1999999999999993,0.0,0.0,Low
Cuba,CUB,Upper middle income,2004,3.0977,25.4,1335,16.24932541824069,4670.188021380245,3.0,0.0,1.0,-0.3200000000000003,0.0,4.5,Medium
Dominican Republic,DOM,Upper middle income,2004,4.304399999999999,23.77,1410,65.49168025396551,4212.010441217729,4.0,1.0,0.0,-0.240000000000002,0.0,5.5,High
Ecuador,ECU,Upper middle income,2004,4.2187,20.67,2274,217.5293657008614,4430.237179841884,0.0,0.0,0.0,0.3400000000000034,0.0,0.0,Low
El Salvador,SLV,Upper middle income,2004,6.643,25.75,1784,98.39411283728536,3081.23629665234,0.0,0.0,0.0,0.07000000000000028,0.0,0.0,Low
Eswatini,SWZ,Lower middle income,2004,3.9639,19.36,788,52.02808988764045,2522.143420971667,0.0,0.0,0.0,-0.5800000000000018,0.0,0.0,Low
Fiji,FJI,Upper middle income,2004,2.3538,24.25,2592,83.1425485961123,4264.597237741774,2.0,1.0,0.0,0.16000000000000014,0.0,3.5,Medium
Gabon,GAB,Upper middle income,2004,2.2648,24.59,1831,5.107692307692307,7148.98713447497,1.0,0.0,0.0,-0.19000000000000128,0.0,1.0,Low
Ghana,GHA,Lower middle income,2004,2.0253,27.09,1187,13.40902474955722,1108.30475353633,0.0,0.0,0.0,-0.08000000000000185,0.0,0.0,Low
Guatemala,GTM,Upper middle income,2004,2.6236,21.69,1996,119.7807070101857,3250.204060376935,0.0,0.0,0.0,-0.34999999999999787,0.0,0.0,Low
Guinea,GIN,Lower middle income,2004,1.7479,26.04,1651,0.957710535909588,645.1828433906887,2.0,0.0,0.0,0.05999999999999872,0.0,2.0,Low
Haiti,HTI,Lower middle income,2004,2.0508,24.83,1440,4.242222222222222,1286.902821282212,3.0,1.0,0.0,-0.370000000000001,0.0,4.5,Medium
Honduras,HND,Lower middle income,2004,4.105,23.38,1976,36.59142857142857,1908.909500504643,1.0,0.0,1.0,-0.08000000000000185,0.0,2.5,Medium
India,IND,Lower middle income,2004,2.9527,22.52,1083,115.2715100732085,892.5966145816124,7.0,6.0,0.0,0.05000000000000071,0.0,16.0,High
Indonesia,IDN,Upper middle income,2004,4.5365,25.33,2702,180.4760869830219,2065.706174708415,18.0,1.0,0.0,0.019999999999999574,0.0,19.5,High
Iraq,IRQ,Upper middle income,2004,2.8409,23.34,216,24.696,3354.26588756715,0.0,0.0,0.0,-0.03999999999999915,0.0,0.0,Low
Jamaica,JAM,Upper middle income,2004,1.4286,25.55,2051,123.9473684210526,5507.20135110043,2.0,0.0,0.0,-0.14000000000000057,0.0,2.0,Low
Kazakhstan,KAZ,Upper middle income,2004,3.4182,7.433,250,1.478292624689242,6233.294393733068,1.0,0.0,0.0,1.4169999999999998,0.0,1.0,Low
Kenya,KEN,Lower middle income,2004,3.728,22.77,630,27.68086724990491,1191.254436045559,5.0,2.0,1.0,-0.019999999999999574,0.0,9.5,High
Liberia,LBR,Low income,2004,0.9167000000000001,25.13,2391,7.8875,535.9958820662179,0.0,0.0,0.0,0.0,0.0,0.0,Low
Madagascar,MDG,Low income,2004,2.4475,21.91,1513,2.263389830508475,443.2786549859671,2.0,0.0,0.0,-0.030000000000001137,0.0,2.0,Low
Malawi,MWI,Low income,2004,1.1681,21.88,1181,34.406,408.0649160527647,0.0,0.0,0.0,-0.240000000000002,0.0,0.0,Low
Malaysia,MYS,Upper middle income,2004,3.326,26.34,2875,1802.75060737298,7025.345580043809,6.0,3.0,0.0,0.0,0.0,10.5,High
Mali,MLI,Low income,2004,2.2803,29.01,282,16.67421460628315,800.5018167062128,1.0,0.0,0.0,0.16000000000000014,0.0,1.0,Low
Mauritania,MRT,Lower middle income,2004,4.6995,28.53,92,5.242222222222222,1338.667681228043,1.0,0.0,0.0,-0.08999999999999986,0.0,1.0,Low
Mexico,MEX,Upper middle income,2004,4.463100000000001,20.36,758,67.13810631515464,9421.289759880241,3.0,2.0,0.0,-0.4299999999999997,0.0,6.0,High
Morocco,MAR,Lower middle income,2004,6.7045,17.92,346,48.95761266747868,2301.08178710938,2.0,0.0,0.0,-0.389999999999997,0.0,2.0,Low
Mozambique,MOZ,Low income,2004,0.5387000000000001,23.63,1032,2.259782608695652,377.0649580848778,0.0,0.0,0.0,-0.13000000000000256,0.0,0.0,Low
Myanmar,MMR,Lower middle income,2004,3.6356,24.47,2091,19.91162227602906,463.3301357216803,2.0,0.0,0.0,-0.14000000000000057,0.0,2.0,Low
Nepal,NPL,Lower middle income,2004,2.7825,13.18,1500,8.025217391304349,589.4699286861697,1.0,1.0,0.0,0.2599999999999998,0.0,2.5,Medium
Nicaragua,NIC,Lower middle income,2004,3.5103,25.71,2280,33.17956656346749,1555.874256948163,2.0,0.0,0.0,-0.10999999999999943,0.0,2.0,Low
Niger,NER,Low income,2004,3.0949,28.39,151,0.2399858206309819,393.3987814531986,3.0,0.0,0.0,0.15000000000000213,0.0,3.0,Medium
Nigeria,NGA,Lower middle income,2004,1.4199,26.85,1150,4.449637772370004,1824.802694567734,9.0,5.0,0.0,0.07000000000000028,0.0,16.5,High
North Macedonia,MKD,Upper middle income,2004,5.1676,10.88,619,53.48156182212581,3473.765448114508,2.0,1.0,0.0,-0.129999999999999,0.0,3.5,Medium
Pakistan,PAK,Lower middle income,2004,2.9914,24.12,494,110.7789508413065,1146.996328426657,4.0,2.0,0.0,1.0749999999999993,0.0,7.0,High
Papua New Guinea,PNG,Lower middle income,2004,1.9272,22.2,3142,76.82608695652173,1821.847410710015,2.0,1.0,0.0,-0.129999999999999,0.0,3.5,Medium
Paraguay,PRY,Upper middle income,2004,4.0323,22.36,1130,78.94042369969054,4151.345847994228,1.0,0.0,0.0,-0.3100000000000023,0.0,1.0,Low
Peru,PER,Upper middle income,2004,6.4401,15.71,1738,81.02574518440545,3640.602998697444,4.0,1.0,1.0,-0.129999999999999,0.0,7.0,High
Philippines,PHL,Lower middle income,2004,3.513,25.95,2348,171.7595703125,1978.344891331134,13.0,3.0,0.0,0.05999999999999872,0.0,17.5,High
Rwanda,RWA,Low income,2004,3.7964,19.39,1212,1.815343443354148,418.7809972774571,1.0,0.0,0.0,0.07000000000000028,0.0,1.0,Low
Senegal,SEN,Lower middle income,2004,2.4758,27.43,686,12.71175092065618,1098.200645460274,3.0,0.0,0.0,0.08999999999999986,0.0,3.0,Medium
Sierra Leone,SLE,Low income,2004,1.0037,25.77,2526,0.543217433036801,829.7597689283039,2.0,1.0,0.0,-0.08000000000000185,0.0,3.5,Medium
Solomon Islands,SLB,Lower middle income,2004,3.125,25.93,3028,2.823529411764706,1664.573159790718,0.0,0.0,0.0,-0.10999999999999943,0.0,0.0,Low
South Africa,ZAF,Upper middle income,2004,2.418,17.77,495,60.28759398496241,5187.356834240336,3.0,1.0,1.0,-0.28000000000000114,0.0,6.0,High
Sri Lanka,LKA,Lower middle income,2004,3.6516,26.57,1712,287.01,2149.106285880021,3.0,1.0,0.0,-0.030000000000001137,0.0,4.5,Medium
Suriname,SUR,Upper middle income,2004,3.5596,26.39,2331,141.0377358490566,7021.989199243381,0.0,0.0,0.0,0.010000000000001563,0.0,0.0,Low
Tajikistan,TJK,Lower middle income,2004,3.6408,5.405,691,25.04755784061697,590.9571113856994,2.0,1.0,0.0,0.7990000000000004,0.0,3.5,Medium
Thailand,THA,Upper middle income,2004,2.9073,26.9,1622,111.8296672621706,4232.771572619342,7.0,3.0,0.0,-0.0400000000000027,0.0,11.5,High
Togo,TGO,Low income,2004,2.1228,26.86,1168,3.671063829787234,678.2875999601697,0.0,0.0,0.0,-0.120000000000001,0.0,0.0,Low
Turkmenistan,TKM,Upper middle income,2004,2.2,16.82,161,79.56279057835016,2364.267251568557,0.0,0.0,0.0,1.0500000000000007,0.0,0.0,Low
Uganda,UGA,Low income,2004,1.3011,22.83,1180,1.471932773109244,585.339489080616,3.0,2.0,0.0,0.0799999999999983,0.0,6.0,High
Ukraine,UKR,Upper middle income,2004,3.7746,8.905,565,16.41801613201158,2042.44494628906,0.0,0.0,0.0,0.6629999999999985,0.0,0.0,Low
Uzbekistan,UZB,Lower middle income,2004,2.8453,13.61,206,141.8520199727644,1466.613488911299,0.0,0.0,0.0,1.2299999999999986,0.0,0.0,Low
Zambia,ZMB,Lower middle income,2004,1.7749,21.71,1020,29.90461215932914,895.4752585348265,1.0,1.0,0.0,-0.3299999999999983,0.0,2.5,Medium
Zimbabwe,ZWE,Lower middle income,2004,1.2815,20.62,657,22.72421052631579,1165.54447081543,0.0,0.0,0.0,-0.34999999999999787,0.0,0.0,Low
Afghanistan,AFG,Low income,2005,3.0313,9.096,327,3.814862267777066,363.6401414367734,13.0,8.0,0.0,-1.3040000000000003,0.0,25.0,High
Algeria,DZA,Upper middle income,2005,1.3053,18.2,89,7.429902809213154,4223.602521339427,3.0,2.0,0.0,0.019999999999999574,0.0,6.0,High
Angola,AGO,Lower middle income,2005,0.6977000000000001,22.56,1010,2.260606060606061,2843.396635796797,1.0,1.0,0.0,0.3299999999999983,0.0,2.5,Medium
Azerbaijan,AZE,Upper middle income,2005,3.5903,12.01,447,13.36046006944444,2674.368856499599,0.0,0.0,0.0,0.3100000000000005,0.0,0.0,Low
Bangladesh,BGD,Lower middle income,2005,3.7623,25.63,2666,192.8726420909875,739.2037183534092,12.0,3.0,0.0,0.3200000000000003,0.0,16.5,High
Belize,BLZ,Upper middle income,2005,4.698399999999999,25.94,1705,81.0,6337.123892223781,2.0,0.0,0.0,0.3500000000000014,0.0,2.0,Low
Benin,BEN,Lower middle income,2005,2.71,27.32,1039,0.4619442351168048,893.91536869992,1.0,0.0,0.0,0.240000000000002,0.0,1.0,Low
Bhutan,BTN,Lower middle income,2005,2.6896,10.5,2200,7.55688622754491,1632.021695005735,0.0,0.0,0.0,0.2400000000000002,0.0,0.0,Low
Brazil,BRA,Upper middle income,2005,3.3691,24.63,1782,174.3133883681956,7409.568279922493,4.0,2.0,1.0,0.2799999999999976,0.0,8.5,High
Burkina Faso,BFA,Low income,2005,1.7791,28.82,748,12.94911533708414,499.1927975712173,1.0,0.0,0.0,0.16000000000000014,0.0,1.0,Low
Burundi,BDI,Low income,2005,3.4144,20.8,1274,3.54602510460251,250.8789334759354,2.0,1.0,1.0,0.35999999999999943,0.0,5.0,Medium
Cambodia,KHM,Lower middle income,2005,2.4793,27.66,1904,10.45783783783784,866.3402901232085,2.0,1.0,1.0,-0.07000000000000028,0.0,5.0,Medium
Cameroon,CMR,Lower middle income,2005,1.2971,24.55,1604,7.998993795069596,1264.74345218659,2.0,1.0,0.0,0.23000000000000043,0.0,3.5,Medium
Chad,TCD,Low income,2005,1.3264,28.33,322,2.932307692307692,952.8719100970355,1.0,0.0,0.0,0.4099999999999966,0.0,1.0,Low
China,CHN,Upper middle income,2005,6.2527,12.55,645,375.1049954969791,3465.81734409951,31.0,11.0,2.0,-0.29999999999999893,0.0,50.5,High
Colombia,COL,Upper middle income,2005,4.8388,22.9,3240,406.3706410965063,4457.275374604425,5.0,3.0,0.0,0.21999999999999886,0.0,9.5,High
Comoros,COM,Lower middle income,2005,0.2963,25.54,900,0.6153846153846154,1274.614366297404,3.0,0.0,0.0,0.09999999999999787,0.0,3.0,Medium
Cuba,CUB,Upper middle income,2005,2.89,25.2,1335,20.30964052287582,5182.352836017325,2.0,0.0,0.0,-0.1999999999999993,0.0,2.0,Low
Dominican Republic,DOM,Upper middle income,2005,4.2047,24.1,1410,61.9465353289949,4549.24957008857,3.0,1.0,0.0,0.33000000000000185,0.0,4.5,Medium
Ecuador,ECU,Upper middle income,2005,3.8989,20.85,2274,150.829475308642,4589.328492034524,0.0,0.0,0.0,0.17999999999999972,0.0,0.0,Low
El Salvador,SLV,Upper middle income,2005,7.2118,25.57,1784,150.8920342330481,3163.361183768328,6.0,2.0,0.0,-0.17999999999999972,0.0,9.0,High
Eswatini,SWZ,Lower middle income,2005,3.8206,19.71,788,40.7752808988764,2658.751805081871,1.0,0.0,0.0,0.3500000000000014,0.0,1.0,Low
Fiji,FJI,Upper middle income,2005,2.3733,24.32,2592,76.72811059907833,4255.450974218474,0.0,0.0,0.0,0.07000000000000028,0.0,0.0,Low
Gabon,GAB,Upper middle income,2005,2.3167,24.68,1831,8.344615384615384,7130.225057717535,0.0,0.0,0.0,0.08999999999999986,0.0,0.0,Low
Ghana,GHA,Lower middle income,2005,2.3917,27.2,1187,6.019740534255924,1143.311789343014,1.0,0.0,0.0,0.10999999999999943,0.0,1.0,Low
Guatemala,GTM,Upper middle income,2005,2.7463,22.04,1996,141.6907142857143,3284.809716128323,4.0,1.0,0.0,0.34999999999999787,0.0,5.5,High
Guinea,GIN,Lower middle income,2005,1.7575,26.06,1651,0.9197373221452024,651.3596068716035,1.0,0.0,0.0,0.019999999999999574,0.0,1.0,Low
Haiti,HTI,Lower middle income,2005,2.027,25.1,1440,5.126,1304.333037312306,8.0,3.0,0.0,0.2700000000000031,0.0,12.5,High
Honduras,HND,Lower middle income,2005,3.7417,23.59,1976,60.62380952380953,1975.856479132359,5.0,1.0,0.0,0.21000000000000085,0.0,6.5,High
India,IND,Lower middle income,2005,3.1196,22.53,1083,127.6145919570507,947.7325656466725,31.0,17.0,0.0,0.010000000000001563,0.0,56.5,High
Indonesia,IDN,Upper middle income,2005,4.5739,25.39,2702,184.3262583118349,2155.447801592096,10.0,3.0,0.0,0.060000000000002274,0.0,14.5,High
Iraq,IRQ,Upper middle income,2005,2.8879,23.43,216,47.05096774193549,3310.863444739929,0.0,0.0,0.0,0.08999999999999986,0.0,0.0,Low
Jamaica,JAM,Upper middle income,2005,3.0,25.55,2051,115.84375,5525.735778337132,3.0,0.0,0.0,0.0,0.0,3.0,Medium
Kazakhstan,KAZ,Upper middle income,2005,3.3518,7.105,250,1.428456391817186,6787.411554878899,1.0,1.0,0.0,-0.3279999999999994,0.0,2.5,Medium
Kenya,KEN,Lower middle income,2005,3.9321,23.08,630,34.32655775075987,1223.447384720193,6.0,3.0,1.0,0.3099999999999987,0.0,12.0,High
Liberia,LBR,Low income,2005,1.29,25.19,2391,8.5775,539.6653788419359,1.0,0.0,0.0,0.060000000000002274,0.0,1.0,Low
Madagascar,MDG,Low income,2005,2.714,21.94,1513,5.567666666666667,450.9552309112283,4.0,2.0,1.0,0.030000000000001137,0.0,8.5,High
Malawi,MWI,Low income,2005,0.8423999999999999,22.74,1181,30.491875,410.2679795925361,3.0,1.0,1.0,0.8599999999999994,0.0,6.0,High
Malaysia,MYS,Upper middle income,2005,3.4221,26.63,2875,1658.248807153917,7234.024426891415,3.0,2.0,0.0,0.28999999999999915,0.0,6.0,High
Mali,MLI,Low income,2005,2.2845,29.02,282,14.92468320542566,794.3733282113611,5.0,2.0,1.0,0.00999999999999801,0.0,9.5,High
Mauritania,MRT,Lower middle income,2005,3.8919,28.84,92,5.704444444444444,1418.53202144135,2.0,1.0,0.0,0.3099999999999987,0.0,3.5,Medium
Mexico,MEX,Upper middle income,2005,5.065300000000001,20.9,758,76.7214114010989,9491.517302257178,7.0,3.0,0.0,0.5399999999999991,0.0,11.5,High
Morocco,MAR,Lower middle income,2005,6.8,18.13,346,63.78724452105393,2342.15478515625,1.0,0.0,0.0,0.2099999999999973,0.0,1.0,Low
Mozambique,MOZ,Low income,2005,0.3398,24.28,1032,1.4274,391.6997581639765,3.0,2.0,1.0,0.6500000000000021,0.0,7.5,High
Myanmar,MMR,Lower middle income,2005,3.7496,24.99,2091,6.521125360373794,522.0995447918151,1.0,0.0,0.0,0.5199999999999996,0.0,1.0,Low
Nepal,NPL,Lower middle income,2005,2.7166,13.19,1500,3.568859649122807,603.1901085709948,3.0,2.0,0.0,0.009999999999999787,0.0,6.0,High
Nicaragua,NIC,Lower middle income,2005,3.3106,25.84,2280,28.92335390946502,1601.487707074579,2.0,0.0,0.0,0.129999999999999,0.0,2.0,Low
Niger,NER,Low income,2005,3.829,28.57,151,0.3876655101607307,407.1909310599244,2.0,0.0,1.0,0.17999999999999972,0.0,3.5,Medium
Nigeria,NGA,Lower middle income,2005,1.4302,27.16,1150,7.241182717567492,1889.251753258181,6.0,2.0,0.0,0.3099999999999987,0.0,9.0,High
North Macedonia,MKD,Upper middle income,2005,5.2704,10.3,619,62.02232142857143,3657.563076992162,2.0,1.0,0.0,-0.5800000000000001,0.0,3.5,Medium
Pakistan,PAK,Lower middle income,2005,3.1742,21.925,494,123.483460391117,1201.233593672143,11.0,5.0,0.0,-2.1950000000000003,0.0,18.5,High
Papua New Guinea,PNG,Lower middle income,2005,1.9402,22.38,3142,71.40833333333333,1875.822734805139,3.0,1.0,0.0,0.17999999999999972,0.0,4.5,Medium
Paraguay,PRY,Upper middle income,2005,3.0448,22.66,1130,66.59448020906815,4193.280865256755,1.0,0.0,1.0,0.3000000000000007,0.0,2.5,Medium
Peru,PER,Upper middle income,2005,6.8971,15.89,1738,74.4941386635137,3835.132192797219,2.0,0.0,0.0,0.17999999999999972,0.0,2.0,Low
Philippines,PHL,Lower middle income,2005,3.5876,26.06,2348,156.5324675324675,2037.877660594598,4.0,2.0,0.0,0.10999999999999943,0.0,7.0,High
Rwanda,RWA,Low income,2005,4.4673,19.57,1212,3.02491103202847,446.0298096364042,0.0,0.0,0.0,0.17999999999999972,0.0,0.0,Low
Senegal,SEN,Lower middle income,2005,2.8542,27.78,686,9.866282789507357,1119.050530754804,2.0,1.0,0.0,0.3500000000000014,0.0,3.5,Medium
Sierra Leone,SLE,Low income,2005,1.1354,25.78,2526,0.6093667205608619,842.9060309049024,1.0,1.0,0.0,0.010000000000001563,0.0,2.5,Medium
Solomon Islands,SLB,Lower middle income,2005,3.0,26.18,3028,29.72222222222222,1755.740824462733,0.0,0.0,0.0,0.25,0.0,0.0,Low
South Africa,ZAF,Upper middle income,2005,2.4486,18.08,495,47.33100569259962,5406.075813776378,1.0,0.0,0.0,0.3099999999999987,0.0,1.0,Low
Sri Lanka,LKA,Lower middle income,2005,3.5465,26.8,1712,255.2918181818182,2268.688012700495,1.0,1.0,0.0,0.23000000000000043,0.0,2.5,Medium
Suriname,SUR,Upper middle income,2005,3.5984,26.54,2331,106.3673469387755,7261.817135019604,0.0,0.0,0.0,0.14999999999999858,0.0,0.0,Low
Tajikistan,TJK,Lower middle income,2005,3.2844,4.709,691,16.49801849405548,618.3337025885769,3.0,2.0,0.0,-0.6960000000000006,0.0,6.0,High
Thailand,THA,Upper middle income,2005,2.9649,27.17,1622,96.21220055710306,4372.257302062605,6.0,2.0,1.0,0.2700000000000031,0.0,10.5,High
Togo,TGO,Low income,2005,2.209,27.06,1168,0.2886075949367088,630.2486783090542,0.0,0.0,0.0,0.1999999999999993,0.0,0.0,Low
Turkmenistan,TKM,Upper middle income,2005,2.1818,16.8,161,95.47625505536773,2622.617963288759,0.0,0.0,0.0,-0.019999999999999574,0.0,0.0,Low
Uganda,UGA,Low income,2005,1.5,23.08,1180,0.9673949579831933,604.4048130576183,3.0,0.0,1.0,0.25,0.0,4.5,Medium
Ukraine,UKR,Upper middle income,2005,4.345800000000001,9.057,565,17.19246887711081,2122.6015625,1.0,1.0,0.0,0.15200000000000102,0.0,2.5,Medium
Uzbekistan,UZB,Lower middle income,2005,3.2717,13.15,206,149.3015800320586,1549.045775316431,1.0,1.0,0.0,-0.4599999999999991,0.0,2.5,Medium
Zambia,ZMB,Lower middle income,2005,1.2864,22.67,1020,27.98386505317198,929.0792558559046,3.0,1.0,1.0,0.9600000000000009,0.0,6.0,High
Zimbabwe,ZWE,Lower middle income,2005,1.1698,21.66,657,21.79948717948718,1088.631484206987,2.0,0.0,0.0,1.0399999999999991,0.0,2.0,Low
Afghanistan,AFG,Low income,2006,3.375,10.49,327,3.190787785476007,367.7583116935803,13.0,7.0,1.0,1.3940000000000001,0.0,25.0,High
Algeria,DZA,Upper middle income,2006,1.2804,18.8,89,13.26265060240964,4279.615471208265,2.0,1.0,0.0,0.6000000000000014,0.0,3.5,Medium
Angola,AGO,Lower middle income,2006,0.4947,22.13,1010,3.66,3065.05576243895,3.0,1.0,0.0,-0.4299999999999997,0.0,4.5,Medium
Azerbaijan,AZE,Upper middle income,2006,4.2375,11.96,447,13.33894531037854,3556.832128581332,0.0,0.0,0.0,-0.049999999999998934,0.0,0.0,Low
Bangladesh,BGD,Lower middle income,2006,3.8021,25.81,2666,188.4081683168317,779.419570444998,7.0,2.0,0.0,0.17999999999999972,0.0,10.0,High
Belize,BLZ,Upper middle income,2006,4.0697,25.44,1705,89.25714285714285,6435.587673376783,0.0,0.0,0.0,-0.5,0.0,0.0,Low
Benin,BEN,Lower middle income,2006,2.3678,27.33,1039,0.0132,900.6205357873505,0.0,0.0,0.0,0.00999999999999801,0.0,0.0,Low
Bhutan,BTN,Lower middle income,2006,2.7461,10.86,2200,7.620621282220753,1701.118781735862,0.0,0.0,0.0,0.35999999999999943,0.0,0.0,Low
Brazil,BRA,Upper middle income,2006,3.8798,24.44,1782,184.5780144743836,7622.039194321476,2.0,2.0,0.0,-0.18999999999999773,0.0,5.0,Medium
Burkina Faso,BFA,Low income,2006,2.5724,28.6,748,10.68865294300183,514.1131317570615,3.0,2.0,0.0,-0.21999999999999886,0.0,6.0,High
Burundi,BDI,Low income,2006,3.3322,20.35,1274,3.204472843450479,255.1055822519254,7.0,6.0,0.0,-0.4499999999999993,0.0,16.0,High
Cambodia,KHM,Lower middle income,2006,2.4893,27.69,1904,10.31945945945946,947.0652200506911,3.0,2.0,0.0,0.030000000000001137,0.0,6.0,High
Cameroon,CMR,Lower middle income,2006,1.2905,24.48,1604,9.032198557772933,1277.329907123417,0.0,0.0,0.0,-0.07000000000000028,0.0,0.0,Low
Chad,TCD,Low income,2006,1.0263,28.23,322,3.456410256410257,914.2106645988939,2.0,1.0,0.0,-0.09999999999999787,0.0,3.5,Medium
China,CHN,Upper middle income,2006,6.2764,13.11,645,374.7651380805872,3883.354129424739,37.0,20.0,1.0,0.5599999999999987,0.0,68.5,High
Colombia,COL,Upper middle income,2006,4.5717,22.71,3240,505.2185073859467,4694.034429391747,3.0,1.0,0.0,-0.18999999999999773,0.0,4.5,Medium
Comoros,COM,Lower middle income,2006,0.2947,25.44,900,0.1076923076923077,1227.24636392125,2.0,0.0,0.0,-0.09999999999999787,0.0,2.0,Low
Cuba,CUB,Upper middle income,2006,3.04,25.39,1335,29.75068794716566,5799.411636686153,2.0,1.0,0.0,0.19000000000000128,0.0,3.5,Medium
Dominican Republic,DOM,Upper middle income,2006,4.6865,24.11,1410,86.97035576613077,4904.717158393978,0.0,0.0,0.0,0.00999999999999801,0.0,0.0,Low
Ecuador,ECU,Upper middle income,2006,4.198600000000001,21.14,2274,207.7899432278994,4706.980568238164,3.0,1.0,0.0,0.28999999999999915,0.0,4.5,Medium
El Salvador,SLV,Upper middle income,2006,7.394100000000001,25.65,1784,108.773178807947,3302.348173543467,2.0,0.0,0.0,0.0799999999999983,0.0,2.0,Low
Eswatini,SWZ,Lower middle income,2006,3.7655,19.16,788,53.63841807909605,2823.487282154023,1.0,0.0,0.0,-0.5500000000000007,0.0,1.0,Low
Fiji,FJI,Upper middle income,2006,2.3149,24.23,2592,52.72839506172839,4295.406797483447,2.0,1.0,0.0,-0.08999999999999986,0.0,3.5,Medium
Gabon,GAB,Upper middle income,2006,2.3687,24.61,1831,8.458461538461538,6724.08148977274,0.0,0.0,0.0,-0.07000000000000028,0.0,0.0,Low
Ghana,GHA,Lower middle income,2006,2.0,27.23,1187,20.88362747253327,1185.265707385952,0.0,0.0,0.0,0.030000000000001137,0.0,0.0,Low
Guatemala,GTM,Upper middle income,2006,2.4662,21.77,1996,136.0438247011952,3388.150033399259,1.0,0.0,0.0,-0.2699999999999996,0.0,1.0,Low
Guinea,GIN,Lower middle income,2006,1.7672,25.95,1651,0.8659790507907404,645.4720019236535,3.0,1.0,0.0,-0.10999999999999943,0.0,4.5,Medium
Haiti,HTI,Lower middle income,2006,2.0755,25.24,1440,7.467,1305.038138156109,3.0,2.0,0.0,0.13999999999999702,0.0,6.0,High
Honduras,HND,Lower middle income,2006,4.922899999999999,23.46,1976,98.44190476190477,2056.534914692314,1.0,1.0,0.0,-0.129999999999999,0.0,2.5,Medium
India,IND,Lower middle income,2006,3.1995,22.81,1083,136.403921543911,1008.232753437825,20.0,17.0,0.0,0.2799999999999976,0.0,45.5,High
Indonesia,IDN,Upper middle income,2006,4.620100000000001,25.31,2702,189.6275127091357,2244.080222620199,18.0,8.0,0.0,-0.08000000000000185,0.0,30.0,High
Iraq,IRQ,Upper middle income,2006,2.8867,23.59,216,46.54583333333333,3471.987446985685,2.0,2.0,0.0,0.16000000000000014,0.0,5.0,Medium
Jamaica,JAM,Upper middle income,2006,2.0,25.79,2051,63.515625,5656.668035799879,2.0,1.0,0.0,0.23999999999999844,0.0,3.5,Medium
Kazakhstan,KAZ,Upper middle income,2006,3.2966,7.099,250,1.446743080793961,7450.396870626147,0.0,0.0,0.0,-0.006000000000000227,0.0,0.0,Low
Kenya,KEN,Lower middle income,2006,2.8062,22.83,630,33.15480225988701,1263.541646662113,7.0,4.0,0.0,-0.25,0.0,13.0,High
Liberia,LBR,Low income,2006,1.2615,25.18,2391,11.5175,551.3774466118523,0.0,0.0,0.0,-0.010000000000001563,0.0,0.0,Low
Madagascar,MDG,Low income,2006,2.7667,22.16,1513,2.526333333333334,461.5403378977289,2.0,0.0,0.0,0.21999999999999886,0.0,2.0,Low
Malawi,MWI,Low income,2006,1.7576,22.2,1181,36.82454545454546,417.8776897765028,3.0,2.0,0.0,-0.5399999999999991,0.0,6.0,High
Malaysia,MYS,Upper middle income,2006,3.3907,26.21,2875,2012.955515614469,7469.810692121099,4.0,4.0,0.0,-0.41999999999999815,0.0,10.0,High
Mali,MLI,Low income,2006,2.5783,28.45,282,17.83988021842523,797.1005328849508,3.0,1.0,1.0,-0.5700000000000003,0.0,6.0,High
Mauritania,MRT,Lower middle income,2006,4.480899999999999,28.47,92,7.655555555555556,1637.041912558031,2.0,2.0,0.0,-0.370000000000001,0.0,5.0,Medium
Mexico,MEX,Upper middle income,2006,4.785699999999999,20.82,758,69.03282968796816,9813.828042442496,7.0,1.0,0.0,-0.0799999999999983,0.0,8.5,High
Morocco,MAR,Lower middle income,2006,6.8,18.27,346,60.16865079365079,2489.99291992188,3.0,3.0,0.0,0.14000000000000057,0.0,7.5,High
Mozambique,MOZ,Low income,2006,0.4557,23.84,1032,4.643061224489796,420.5264627647259,2.0,0.0,0.0,-0.4400000000000013,0.0,2.0,Low
Myanmar,MMR,Lower middle income,2006,3.83,24.57,2091,9.01625386996904,586.0855799354483,2.0,1.0,0.0,-0.41999999999999815,0.0,3.5,Medium
Nepal,NPL,Lower middle income,2006,2.557,13.65,1500,5.642035398230089,617.4776385887216,4.0,1.0,1.0,0.46000000000000085,0.0,7.0,High
Nicaragua,NIC,Lower middle income,2006,3.6392,25.74,2280,32.48768736616702,1644.371935652508,0.0,0.0,0.0,-0.10000000000000142,0.0,0.0,Low
Niger,NER,Low income,2006,3.6637,28.27,151,0.5276225507533423,415.8520221148007,3.0,1.0,0.0,-0.3000000000000007,0.0,4.5,Medium
Nigeria,NGA,Lower middle income,2006,1.4833,27.14,1150,10.31526777237952,1949.158568045652,3.0,3.0,0.0,-0.019999999999999574,0.0,7.5,High
North Macedonia,MKD,Upper middle income,2006,5.5265,10.57,619,57.46697038724373,3866.746506229772,1.0,1.0,0.0,0.2699999999999996,0.0,2.5,Medium
Pakistan,PAK,Lower middle income,2006,3.1604,24.068,494,125.7302440633245,1243.941426025427,9.0,7.0,0.0,2.1430000000000007,0.0,19.5,High
Papua New Guinea,PNG,Lower middle income,2006,1.9533,22.33,3142,57.06201550387597,1915.234940578797,6.0,2.0,0.0,-0.05000000000000071,0.0,9.0,High
Paraguay,PRY,Upper middle income,2006,3.0,23.19,1130,74.06189745456695,4349.311970662393,1.0,0.0,0.0,0.5300000000000011,0.0,1.0,Low
Peru,PER,Upper middle income,2006,6.8732,15.78,1738,84.5022839980054,4091.362686155809,3.0,1.0,1.0,-0.11000000000000121,0.0,6.0,High
Philippines,PHL,Lower middle income,2006,3.6844,26.17,2348,143.5792434529583,2110.420447812837,20.0,6.0,0.0,0.11000000000000298,0.0,29.0,High
Rwanda,RWA,Low income,2006,4.4843,19.21,1212,3.448092280390417,474.3645994633065,2.0,0.0,0.0,-0.35999999999999943,0.0,2.0,Low
Senegal,SEN,Lower middle income,2006,2.2401,27.48,686,2.307258632840028,1118.783043005096,0.0,0.0,0.0,-0.3000000000000007,0.0,0.0,Low
Sierra Leone,SLE,Low income,2006,1.4317,25.91,2526,0.3325679929935854,859.8242607149655,0.0,0.0,0.0,0.129999999999999,0.0,0.0,Low
Solomon Islands,SLB,Lower middle income,2006,3.3505,26.02,3028,1.294117647058824,1796.714398106737,0.0,0.0,0.0,-0.16000000000000014,0.0,0.0,Low
South Africa,ZAF,Upper middle income,2006,2.4781,17.25,495,62.33642857142857,5650.988317654902,2.0,2.0,0.0,-0.8299999999999983,0.0,5.0,Medium
Sri Lanka,LKA,Lower middle income,2006,3.6705,26.56,1712,291.3152380952381,2426.348732730465,1.0,1.0,0.0,-0.240000000000002,0.0,2.5,Medium
Suriname,SUR,Upper middle income,2006,4.1296,26.17,2331,183.3265306122449,7599.35696921481,1.0,1.0,0.0,-0.36999999999999744,0.0,2.5,Medium
Tajikistan,TJK,Lower middle income,2006,3.1415,5.838,691,35.19267299864315,649.1633287553342,3.0,0.0,0.0,1.1290000000000004,0.0,3.0,Medium
Thailand,THA,Upper middle income,2006,2.9528,27.05,1622,99.8178020386565,4551.525001831396,3.0,3.0,0.0,-0.120000000000001,0.0,7.5,High
Togo,TGO,Low income,2006,2.483,27.12,1168,0.01380753138075314,629.0799058355626,1.0,1.0,0.0,0.060000000000002274,0.0,2.5,Medium
Turkmenistan,TKM,Upper middle income,2006,2.4107,16.84,161,127.3785354503827,2856.77457038028,0.0,0.0,0.0,0.03999999999999915,0.0,0.0,Low
Uganda,UGA,Low income,2006,1.3628,22.64,1180,1.254426229508197,650.2705408674441,6.0,2.0,0.0,-0.4399999999999977,0.0,9.0,High
Ukraine,UKR,Upper middle income,2006,4.6065,8.608,565,21.55365838624176,2298.13232421875,3.0,2.0,0.0,-0.44899999999999984,0.0,6.0,High
Uzbekistan,UZB,Lower middle income,2006,3.6927,13.2,206,165.2033271719039,1643.146456196009,0.0,0.0,0.0,0.049999999999998934,0.0,0.0,Low
Zambia,ZMB,Lower middle income,2006,0.9726,21.82,1020,25.67706604712911,968.5635650194919,1.0,0.0,0.0,-0.8500000000000014,0.0,1.0,Low
Zimbabwe,ZWE,Lower middle income,2006,1.0591,20.74,657,32.35634146341464,1038.223756580327,0.0,0.0,0.0,-0.9200000000000017,0.0,0.0,Low
Afghanistan,AFG,Low income,2007,3.2471,9.826,327,2.101231716705158,410.7577288790974,7.0,7.0,0.0,-0.6639999999999997,0.0,17.5,High
Algeria,DZA,Upper middle income,2007,1.3407,18.28,89,14.96157450796626,4339.250557728312,7.0,6.0,0.0,-0.5199999999999996,0.0,16.0,High
Angola,AGO,Lower middle income,2007,0.5143,22.42,1010,3.305,3336.363324652079,4.0,2.0,0.0,0.2900000000000027,0.0,7.0,High
Azerbaijan,AZE,Upper middle income,2007,3.3886,11.69,447,10.63754045307443,4412.203261179317,0.0,0.0,0.0,-0.27000000000000135,0.0,0.0,Low
Bangladesh,BGD,Lower middle income,2007,3.8342,25.27,2666,179.81000499002,825.5082299645373,7.0,2.0,0.0,-0.5399999999999991,0.0,10.0,High
Belize,BLZ,Upper middle income,2007,4.787199999999999,25.62,1705,60.87142857142857,6465.82885846045,1.0,0.0,0.0,0.17999999999999972,0.0,1.0,Low
Benin,BEN,Lower middle income,2007,2.6633,27.21,1039,0.2456,926.7401137540711,1.0,1.0,0.0,-0.11999999999999744,0.0,2.5,Medium
Bhutan,BTN,Lower middle income,2007,2.7043,10.76,2200,9.00953778429934,1952.257346037786,0.0,0.0,0.0,-0.09999999999999964,0.0,0.0,Low
Brazil,BRA,Upper middle income,2007,3.826,24.57,1761,233.1424187980701,8003.253210127199,6.0,3.0,1.0,0.129999999999999,-1.1784511784511786,12.0,High
Burkina Faso,BFA,Low income,2007,1.7002,28.59,748,8.221854351664964,519.2610121843395,2.0,1.0,0.0,-0.010000000000001563,0.0,3.5,Medium
Burundi,BDI,Low income,2007,3.3767,20.37,1274,1.821656050955414,254.311725516331,2.0,2.0,0.0,0.019999999999999574,0.0,5.0,Medium
Cambodia,KHM,Lower middle income,2007,2.6216,27.42,1904,10.15837837837838,1030.231176207916,2.0,1.0,0.0,-0.2699999999999996,0.0,3.5,Medium
Cameroon,CMR,Lower middle income,2007,1.0,24.29,1604,8.622840851920174,1295.730674712867,1.0,1.0,0.0,-0.19000000000000128,0.0,2.5,Medium
Chad,TCD,Low income,2007,1.2486,28.06,322,3.366410256410256,920.3528156749666,3.0,2.0,0.0,-0.1700000000000017,0.0,6.0,High
China,CHN,Upper middle income,2007,6.4224,13.24,645,385.3146357865108,4409.757008368781,18.0,10.0,0.0,0.13000000000000078,0.0,33.0,High
Colombia,COL,Upper middle income,2007,4.902,22.74,3240,453.6666417957563,4947.252608131083,6.0,4.0,0.0,0.029999999999997584,0.0,12.0,High
Comoros,COM,Lower middle income,2007,0.2935,25.73,900,0.04615384615384616,1212.696290848963,1.0,0.0,0.0,0.28999999999999915,0.0,1.0,Low
Cuba,CUB,Upper middle income,2007,3.23,25.49,1335,26.7738595018192,6215.766037277716,3.0,1.0,0.0,0.09999999999999787,0.0,4.5,Medium
Dominican Republic,DOM,Upper middle income,2007,4.811199999999999,24.14,1410,98.12433392809133,5204.785006522538,5.0,2.0,0.0,0.030000000000001137,0.0,8.0,High
Ecuador,ECU,Upper middle income,2007,4.3555,20.59,2274,199.1062761506276,4715.303598425548,0.0,0.0,0.0,-0.5500000000000007,0.0,0.0,Low
El Salvador,SLV,Upper middle income,2007,7.465100000000001,25.51,1784,152.4885011895321,3359.162302413504,2.0,1.0,0.0,-0.13999999999999702,0.0,3.5,Medium
Eswatini,SWZ,Lower middle income,2007,3.7103,19.39,788,52.52542372881356,2928.468458230149,2.0,0.0,1.0,0.23000000000000043,0.0,3.5,Medium
Fiji,FJI,Upper middle income,2007,2.6735,24.87,2592,53.8031914893617,4223.448006267085,4.0,2.0,0.0,0.6400000000000006,0.0,7.0,High
Gabon,GAB,Upper middle income,2007,2.4206,24.73,1831,9.058461538461538,6908.673991629991,1.0,0.0,0.0,0.120000000000001,0.0,1.0,Low
Ghana,GHA,Lower middle income,2007,1.7015,27.23,1187,18.70588619135831,1205.317058042087,1.0,1.0,0.0,0.0,0.0,2.5,Medium
Guatemala,GTM,Upper middle income,2007,2.8203,21.91,1996,123.7734771573604,3527.778272136395,3.0,2.0,0.0,0.14000000000000057,0.0,6.0,High
Guinea,GIN,Lower middle income,2007,1.7769,25.91,1651,1.158129652648697,673.6989974206261,2.0,1.0,0.0,-0.03999999999999915,0.0,3.5,Medium
Haiti,HTI,Lower middle income,2007,2.2491,25.31,1440,5.704,1343.611114220476,7.0,4.0,0.0,0.07000000000000028,0.0,13.0,High
Honduras,HND,Lower middle income,2007,5.0483,23.39,1976,90.17238095238095,2134.195406394847,4.0,2.0,0.0,-0.07000000000000028,0.0,7.0,High
India,IND,Lower middle income,2007,3.2925,22.64,1083,142.8352254749339,1069.246968130251,20.0,16.0,0.0,-0.16999999999999815,0.0,44.0,High
Indonesia,IDN,Upper middle income,2007,4.6468,25.3,2702,222.9263719921412,2355.152856532804,19.0,8.0,0.0,-0.00999999999999801,0.0,31.0,High
Iraq,IRQ,Upper middle income,2007,3.163,23.55,216,37.85050505050505,3565.580540790409,1.0,0.0,0.0,-0.03999999999999915,0.0,1.0,Low
Jamaica,JAM,Upper middle income,2007,2.9545,25.66,2051,36.216,5710.538784467582,2.0,0.0,0.0,-0.129999999999999,0.0,2.0,Low
Kazakhstan,KAZ,Upper middle income,2007,3.3678,7.438,250,2.056478080527352,8036.875998115046,0.0,0.0,0.0,0.3389999999999995,0.0,0.0,Low
Kenya,KEN,Lower middle income,2007,2.8715,22.78,630,36.39528301886792,1309.910929482159,4.0,3.0,0.0,-0.04999999999999716,0.0,8.5,High
Liberia,LBR,Low income,2007,1.4488,25.21,2391,7.055,574.6093943485428,2.0,1.0,0.0,0.030000000000001137,0.0,3.5,Medium
Madagascar,MDG,Low income,2007,2.8268,22.0,1513,3.211,473.7854623284488,3.0,1.0,0.0,-0.16000000000000014,0.0,4.5,Medium
Malawi,MWI,Low income,2007,1.9481,22.2,1181,37.92606060606061,445.2543054195864,5.0,4.0,1.0,0.0,0.0,12.5,High
Malaysia,MYS,Upper middle income,2007,3.5277,26.12,2875,2299.420938104449,7769.596933504883,3.0,2.0,0.0,-0.08999999999999986,0.0,6.0,High
Mali,MLI,Low income,2007,2.7621,28.64,282,13.52634297520661,784.8939150166376,2.0,2.0,0.0,0.19000000000000128,0.0,5.0,Medium
Mauritania,MRT,Lower middle income,2007,4.7221,28.39,92,4.693333333333333,1563.606287651915,2.0,2.0,0.0,-0.0799999999999983,0.0,5.0,Medium
Mexico,MEX,Upper middle income,2007,4.1536,20.64,758,71.08648326884646,9877.69532644737,7.0,2.0,0.0,-0.17999999999999972,0.0,10.0,High
Morocco,MAR,Lower middle income,2007,7.3667,17.9,346,58.82951022938624,2540.615234375,0.0,0.0,0.0,-0.370000000000001,0.0,0.0,Low
Mozambique,MOZ,Low income,2007,0.4749,23.85,1032,2.660769230769231,442.0495740577508,7.0,4.0,1.0,0.010000000000001563,0.0,14.5,High
Myanmar,MMR,Lower middle income,2007,3.926,24.4,2091,15.77290346979295,651.7297308991976,5.0,4.0,0.0,-0.1700000000000017,0.0,11.0,High
Nepal,NPL,Lower middle income,2007,2.775,13.33,1500,1.608928571428571,633.2261291365969,1.0,1.0,0.0,-0.3200000000000003,0.0,2.5,Medium
Nicaragua,NIC,Lower middle income,2007,3.9482,25.66,2280,31.64581005586592,1703.207802994053,2.0,1.0,0.0,-0.0799999999999983,0.0,3.5,Medium
Niger,NER,Low income,2007,3.59,28.14,151,0.3549078726968174,413.4191262610662,1.0,1.0,0.0,-0.129999999999999,0.0,2.5,Medium
Nigeria,NGA,Lower middle income,2007,1.2999,26.75,1150,4.340549588506068,2020.833162994537,4.0,3.0,0.0,-0.39000000000000057,0.0,8.5,High
North Macedonia,MKD,Upper middle income,2007,6.1322,11.86,619,67.12296983758701,4140.633548093642,2.0,0.0,0.0,1.2899999999999991,0.0,2.0,Low
Pakistan,PAK,Lower middle income,2007,3.3176,24.069,494,118.423492379059,1265.355675398416,10.0,6.0,0.0,0.0009999999999976694,0.0,19.0,High
Papua New Guinea,PNG,Lower middle income,2007,1.9664,22.41,3142,72.09885931558935,2000.972618668903,1.0,0.0,0.0,0.08000000000000185,0.0,1.0,Low
Paraguay,PRY,Upper middle income,2007,3.0952,22.55,1130,96.5750314333312,4540.382358992582,1.0,0.0,0.0,-0.6400000000000006,0.0,1.0,Low
Peru,PER,Upper middle income,2007,6.6817,15.6,1738,100.8384155013533,4407.791216864158,3.0,1.0,0.0,-0.17999999999999972,0.0,4.5,Medium
Philippines,PHL,Lower middle income,2007,3.8008,26.17,2348,159.3081285444235,2209.346510833289,15.0,5.0,1.0,0.0,0.0,24.0,High
Rwanda,RWA,Low income,2007,4.132,19.05,1212,7.808849557522124,497.171622130545,2.0,2.0,0.0,-0.16000000000000014,0.0,5.0,Medium
Senegal,SEN,Lower middle income,2007,2.4078,27.56,686,2.145964912280702,1123.998621532846,2.0,1.0,0.0,0.0799999999999983,0.0,3.5,Medium
Sierra Leone,SLE,Low income,2007,1.36,25.86,2526,0.9729536035895678,872.6883623461399,1.0,1.0,0.0,-0.05000000000000071,0.0,2.5,Medium
Solomon Islands,SLB,Lower middle income,2007,3.0011,26.27,3028,17.83333333333333,1830.233214058074,1.0,0.0,0.0,0.25,0.0,1.0,Low
South Africa,ZAF,Upper middle income,2007,2.5067,17.73,495,61.02174603174603,5891.420694216981,3.0,1.0,0.0,0.4800000000000004,0.0,4.5,Medium
Sri Lanka,LKA,Lower middle income,2007,3.8337,26.48,1712,288.525,2573.543621927054,3.0,3.0,0.0,-0.0799999999999983,0.0,7.5,High
Suriname,SUR,Upper middle income,2007,4.2534,26.06,2331,149.4347826086957,7897.256489158281,0.0,0.0,0.0,-0.11000000000000298,0.0,0.0,Low
Tajikistan,TJK,Lower middle income,2007,3.0707,5.564,691,16.1970509383378,686.4809019241304,4.0,2.0,0.0,-0.274,0.0,7.0,High
Thailand,THA,Upper middle income,2007,2.9786,26.92,1622,116.7718027305656,4760.667084648314,5.0,5.0,0.0,-0.129999999999999,0.0,12.5,High
Togo,TGO,Low income,2007,2.2836,27.05,1168,0.0,603.83784338967,1.0,1.0,0.0,-0.07000000000000028,0.0,2.5,Medium
Turkmenistan,TKM,Upper middle income,2007,1.3,16.49,161,145.3521610495472,3114.063300330383,0.0,0.0,0.0,-0.3500000000000014,0.0,0.0,Low
Uganda,UGA,Low income,2007,1.3613,22.59,1180,1.19952,684.5422417872479,4.0,2.0,0.0,-0.05000000000000071,0.0,7.0,High
Ukraine,UKR,Upper middle income,2007,5.1185,10.24,565,27.63889745328976,2498.35205078125,2.0,0.0,0.0,1.6319999999999997,0.0,2.0,Low
Uzbekistan,UZB,Lower middle income,2007,4.1208,13.25,206,169.0571228724644,1773.758036932475,0.0,0.0,0.0,0.05000000000000071,0.0,0.0,Low
Zambia,ZMB,Lower middle income,2007,1.5126,21.94,1020,32.3343506273313,1013.085674326368,4.0,3.0,0.0,0.120000000000001,0.0,8.5,High
Zimbabwe,ZWE,Lower middle income,2007,0.9504,20.81,657,27.03525,987.2003625969373,5.0,2.0,1.0,0.07000000000000028,0.0,9.5,High
Afghanistan,AFG,Low income,2008,3.2211,9.915,327,1.851680780087247,417.6472826474983,4.0,1.0,1.0,0.08899999999999864,0.0,7.0,High
Algeria,DZA,Upper middle income,2008,1.3979,18.33,89,8.576712511683803,4367.565380175414,1.0,1.0,0.0,0.04999999999999716,0.0,2.5,Medium
Angola,AGO,Lower middle income,2008,0.5084,22.35,1010,8.258823529411766,3559.195225122363,2.0,1.0,0.0,-0.07000000000000028,0.0,3.5,Medium
Azerbaijan,AZE,Upper middle income,2008,2.7973,11.66,447,20.93753359853779,4778.12452736673,0.0,0.0,0.0,-0.02999999999999936,0.0,0.0,Low
Bangladesh,BGD,Lower middle income,2008,4.199199999999999,25.44,2666,195.0643508684243,866.4581576213504,5.0,2.0,0.0,0.1700000000000017,0.0,8.0,High
Belize,BLZ,Upper middle income,2008,3.4749,25.35,1705,49.75714285714286,6187.95885023655,2.0,1.0,0.0,-0.2699999999999996,0.0,3.5,Medium
Benin,BEN,Lower middle income,2008,3.285,27.12,1039,0.3204,943.2033803038615,4.0,1.0,0.0,-0.08999999999999986,0.0,5.5,High
Bhutan,BTN,Lower middle income,2008,3.9983,10.58,2200,11.66,2017.760189134028,0.0,0.0,0.0,-0.17999999999999972,0.0,0.0,Low
Brazil,BRA,Upper middle income,2008,4.231100000000001,24.26,1761,214.677605215415,8330.763640018766,6.0,4.0,0.0,-0.3099999999999987,0.0,12.0,High
Burkina Faso,BFA,Low income,2008,2.4355,28.24,748,9.308365667267948,533.4712999382883,4.0,2.0,0.0,-0.3500000000000014,0.0,7.0,High
Burundi,BDI,Low income,2008,3.2203,20.17,1274,2.067724867724868,256.0124615544964,3.0,2.0,1.0,-0.1999999999999993,0.0,7.5,High
Cambodia,KHM,Lower middle income,2008,2.7457,27.19,1904,9.86972972972973,1090.574758061467,0.0,0.0,0.0,-0.23000000000000043,0.0,0.0,Low
Cameroon,CMR,Lower middle income,2008,1.0,24.22,1604,6.557437531443904,1295.02211276052,1.0,1.0,0.0,-0.07000000000000028,0.0,2.5,Medium
Chad,TCD,Low income,2008,1.5696,27.61,322,3.678974358974359,916.0872746325047,3.0,2.0,0.0,-0.4499999999999993,0.0,6.0,High
China,CHN,Upper middle income,2008,6.555800000000001,12.66,645,372.6581023148601,4811.47471804961,30.0,7.0,1.0,-0.5800000000000001,0.0,42.0,High
Colombia,COL,Upper middle income,2008,4.8887,22.52,3240,437.250423791927,5048.571872452488,8.0,2.0,0.0,-0.21999999999999886,0.0,11.0,High
Comoros,COM,Lower middle income,2008,0.287,25.25,900,0.4,1235.972471873742,0.0,0.0,0.0,-0.4800000000000004,0.0,0.0,Low
Cuba,CUB,Upper middle income,2008,2.8036,25.41,1335,37.27783161374907,6469.085078476681,5.0,1.0,0.0,-0.0799999999999983,0.0,6.5,High
Dominican Republic,DOM,Upper middle income,2008,4.8268,23.8,1410,85.03310750469825,5308.92664966814,3.0,0.0,0.0,-0.33999999999999986,0.0,3.0,Medium
Ecuador,ECU,Upper middle income,2008,4.0639,20.98,2274,214.1197411003236,4939.902150217888,1.0,1.0,0.0,0.39000000000000057,0.0,2.5,Medium
El Salvador,SLV,Upper middle income,2008,7.9373,25.1,1784,136.7485911083281,3420.449273574435,2.0,2.0,0.0,-0.41000000000000014,0.0,5.0,Medium
Eswatini,SWZ,Lower middle income,2008,3.6551,19.22,788,47.93220338983051,2950.673343621323,1.0,1.0,0.0,-0.1700000000000017,0.0,2.5,Medium
Fiji,FJI,Upper middle income,2008,2.2838,24.56,2592,100.1440922190202,4240.772656868579,1.0,0.0,0.0,-0.3100000000000023,0.0,1.0,Low
Gabon,GAB,Upper middle income,2008,2.4724,24.6,1831,10.51692307692308,6468.385233576093,0.0,0.0,0.0,-0.129999999999999,0.0,0.0,Low
Ghana,GHA,Lower middle income,2008,2.2735,27.16,1187,15.84987316203941,1282.634168867468,1.0,1.0,0.0,-0.07000000000000028,0.0,2.5,Medium
Guatemala,GTM,Upper middle income,2008,3.0625,21.58,1996,77.10752688172043,3569.928611215384,4.0,2.0,0.0,-0.33000000000000185,0.0,7.0,High
Guinea,GIN,Lower middle income,2008,1.9308,25.74,1651,1.207619865823571,684.7757803773655,1.0,1.0,0.0,-0.1700000000000017,0.0,2.5,Medium
Haiti,HTI,Lower middle income,2008,2.0755,24.95,1440,9.88,1356.534001400476,4.0,0.0,0.0,-0.35999999999999943,0.0,4.0,Medium
Honduras,HND,Lower middle income,2008,5.1911,23.19,1976,77.61493123772102,2175.14709403064,2.0,1.0,0.0,-0.1999999999999993,0.0,3.5,Medium
India,IND,Lower middle income,2008,3.2797,22.44,1083,153.3493908035065,1086.506052515125,11.0,8.0,0.0,-0.1999999999999993,0.0,23.0,High
Indonesia,IDN,Upper middle income,2008,4.9165,25.14,2702,234.0220232767439,2464.601934182722,16.0,12.0,0.0,-0.16000000000000014,0.0,34.0,High
Iraq,IRQ,Upper middle income,2008,2.9281,23.66,216,57.19,3781.780017127623,2.0,1.0,0.0,0.10999999999999943,0.0,3.5,Medium
Jamaica,JAM,Upper middle income,2008,3.3333,25.32,2051,37.64166666666667,5639.58974873397,2.0,0.0,0.0,-0.33999999999999986,0.0,2.0,Low
Kazakhstan,KAZ,Upper middle income,2008,3.3736,7.263,250,1.083457808259525,8216.521815895847,1.0,1.0,0.0,-0.17499999999999982,0.0,2.5,Medium
Kenya,KEN,Lower middle income,2008,1.3076,22.74,630,33.28754716981132,1273.772261030727,9.0,6.0,1.0,-0.0400000000000027,0.0,19.5,High
Liberia,LBR,Low income,2008,1.5534,25.1,2391,7.67906976744186,591.1853781419074,1.0,1.0,0.0,-0.10999999999999943,0.0,2.5,Medium
Madagascar,MDG,Low income,2008,3.0495,21.74,1513,4.273666666666666,490.963935389518,5.0,0.0,1.0,-0.26000000000000156,0.0,6.5,High
Malawi,MWI,Low income,2008,1.82,21.95,1181,34.8704347826087,465.5514729800698,2.0,1.0,0.0,-0.25,0.0,3.5,Medium
Malaysia,MYS,Upper middle income,2008,3.5836,25.96,2875,2110.610064338235,7976.117853747734,2.0,2.0,0.0,-0.16000000000000014,0.0,5.0,Medium
Mali,MLI,Low income,2008,3.366,28.24,282,17.39214060686453,787.1565189876153,1.0,1.0,0.0,-0.40000000000000213,0.0,2.5,Medium
Mauritania,MRT,Lower middle income,2008,4.763100000000001,28.51,92,5.355555555555555,1514.265501362902,0.0,0.0,0.0,0.120000000000001,0.0,0.0,Low
Mexico,MEX,Upper middle income,2008,4.4619,20.57,758,56.58624388569467,9826.342183604804,3.0,1.0,0.0,-0.07000000000000028,0.0,4.5,Medium
Morocco,MAR,Lower middle income,2008,6.956300000000001,17.78,346,53.82662692498758,2648.58569335938,1.0,1.0,0.0,-0.11999999999999744,0.0,2.5,Medium
Mozambique,MOZ,Low income,2008,0.4728,23.69,1032,11.41722222222222,460.9472948567904,5.0,1.0,1.0,-0.16000000000000014,0.0,8.0,High
Myanmar,MMR,Lower middle income,2008,4.0323,24.42,2091,7.609687675331962,714.6204190271294,1.0,0.0,0.0,0.020000000000003126,0.0,1.0,Low
Nepal,NPL,Lower middle income,2008,2.9074,13.23,1500,1.364864864864865,666.865095417138,2.0,2.0,0.0,-0.09999999999999964,0.0,5.0,Medium
Nicaragua,NIC,Lower middle income,2008,4.0055,25.44,2280,26.91822429906542,1736.657406104083,3.0,2.0,0.0,-0.21999999999999886,0.0,6.0,High
Niger,NER,Low income,2008,3.811,27.68,151,0.1534182305630027,429.1955427988773,3.0,1.0,0.0,-0.46000000000000085,0.0,4.5,Medium
Nigeria,NGA,Lower middle income,2008,1.7544,26.62,1150,5.896981352955933,2098.28339220668,3.0,0.0,0.0,-0.129999999999999,0.0,3.0,Medium
North Macedonia,MKD,Upper middle income,2008,6.2413,11.85,619,56.15801886792453,4392.550716415098,0.0,0.0,0.0,-0.009999999999999787,0.0,0.0,Low
Pakistan,PAK,Lower middle income,2008,3.5199,23.691,494,119.1546503733876,1258.051889344521,4.0,3.0,0.0,-0.3780000000000001,0.0,8.5,High
Papua New Guinea,PNG,Lower middle income,2008,1.9794,22.24,3142,71.90169491525424,1934.032015587529,3.0,2.0,0.0,-0.1700000000000017,0.0,6.0,High
Paraguay,PRY,Upper middle income,2008,4.272,22.46,1130,77.45420202906536,4788.663187780742,5.0,0.0,1.0,-0.08999999999999986,0.0,6.5,High
Peru,PER,Upper middle income,2008,7.3089,15.63,1738,75.09363527205785,4778.526421723128,1.0,1.0,0.0,0.030000000000001137,0.0,2.5,Medium
Philippines,PHL,Lower middle income,2008,3.7703,25.91,2348,104.9730275229358,2264.946290728805,20.0,8.0,0.0,-0.26000000000000156,0.0,32.0,High
Rwanda,RWA,Low income,2008,4.4432,18.91,1212,9.499116607773852,538.3253720655919,2.0,1.0,0.0,-0.14000000000000057,0.0,3.5,Medium
Senegal,SEN,Lower middle income,2008,3.2572,27.57,686,2.303038674033149,1138.66883930214,1.0,1.0,0.0,0.010000000000001563,0.0,2.5,Medium
Sierra Leone,SLE,Low income,2008,1.43,25.67,2526,0.4387019668714429,882.5414781786799,1.0,0.0,0.0,-0.18999999999999773,0.0,1.0,Low
Solomon Islands,SLB,Lower middle income,2008,2.5455,26.0,3028,13.31578947368421,1911.189690155277,0.0,0.0,0.0,-0.2699999999999996,0.0,0.0,Low
South Africa,ZAF,Upper middle income,2008,2.5346,17.7,495,56.293203125,6009.719631386346,4.0,1.0,0.0,-0.030000000000001137,0.0,5.5,High
Sri Lanka,LKA,Lower middle income,2008,3.68,26.41,1712,311.7116666666666,2708.585942225063,4.0,3.0,0.0,-0.07000000000000028,0.0,8.5,High
Suriname,SUR,Upper middle income,2008,4.1892,26.01,2331,548.6595744680851,8129.114646594458,1.0,1.0,0.0,-0.04999999999999716,0.0,2.5,Medium
Tajikistan,TJK,Lower middle income,2008,5.2616,5.22,691,11.03373819163293,726.1854913382688,2.0,0.0,1.0,-0.3440000000000003,0.0,3.5,Medium
Thailand,THA,Upper middle income,2008,3.0149,26.48,1622,110.6145307769929,4805.763939908355,6.0,3.0,1.0,-0.4400000000000013,0.0,12.0,High
Togo,TGO,Low income,2008,2.3441,27.0,1168,0.000411522633744856,610.4054137084746,2.0,1.0,0.0,-0.05000000000000071,0.0,3.5,Medium
Turkmenistan,TKM,Upper middle income,2008,1.1,16.15,161,145.4417205804079,3504.348432784829,0.0,0.0,0.0,-0.33999999999999986,0.0,0.0,Low
Uganda,UGA,Low income,2008,1.3895,22.43,1180,2.942015503875969,722.565167003452,3.0,1.0,1.0,-0.16000000000000014,0.0,6.0,High
Ukraine,UKR,Upper middle income,2008,5.0859,9.726,565,32.78684486050378,2567.69409179688,1.0,1.0,0.0,-0.5139999999999993,0.0,2.5,Medium
Uzbekistan,UZB,Lower middle income,2008,3.3639,12.73,206,175.8694117647059,1904.458555067123,0.0,0.0,0.0,-0.5199999999999996,0.0,0.0,Low
Zambia,ZMB,Lower middle income,2008,1.3833,21.66,1020,38.65661861074705,1053.586123010683,2.0,1.0,0.0,-0.28000000000000114,0.0,3.5,Medium
Zimbabwe,ZWE,Lower middle income,2008,0.8446,20.76,657,21.99411764705882,803.0449446549911,1.0,0.0,0.0,-0.04999999999999716,0.0,1.0,Low
Afghanistan,AFG,Low income,2009,3.225,9.258,327,1.887848068779674,488.8306524919485,5.0,3.0,0.0,-0.657,0.0,9.5,High
Algeria,DZA,Upper middle income,2009,1.4615,18.51,89,14.27999466168424,4336.100540529495,2.0,2.0,0.0,0.18000000000000327,0.0,5.0,Medium
Angola,AGO,Lower middle income,2009,0.6028,22.7,1010,5.47225,3494.807244661718,5.0,3.0,0.0,0.34999999999999787,0.0,9.5,High
Azerbaijan,AZE,Upper middle income,2009,2.5279,11.81,447,13.41141942369264,5118.433954946873,1.0,1.0,0.0,0.15000000000000036,0.0,2.5,Medium
Bangladesh,BGD,Lower middle income,2009,4.1884,25.96,2666,184.2905244711478,901.729626251937,6.0,2.0,1.0,0.5199999999999996,0.0,10.5,High
Belize,BLZ,Upper middle income,2009,4.5021,25.92,1705,121.4383561643836,5997.684471563834,0.0,0.0,0.0,0.5700000000000003,0.0,0.0,Low
Benin,BEN,Lower middle income,2009,3.7395,27.44,1039,6.544,936.5656510715543,3.0,2.0,0.0,0.3200000000000003,0.0,6.0,High
Bhutan,BTN,Lower middle income,2009,2.7993,11.09,2200,23.96,2148.564803750341,2.0,0.0,0.0,0.5099999999999998,0.0,2.0,Low
Brazil,BRA,Upper middle income,2009,4.4049,24.49,1761,148.4863928163523,8246.096121228506,10.0,7.0,0.0,0.22999999999999687,0.0,20.5,High
Burkina Faso,BFA,Low income,2009,2.3154,28.9,748,8.590481741128457,533.470084831931,3.0,2.0,0.0,0.6600000000000001,0.0,6.0,High
Burundi,BDI,Low income,2009,3.268,20.55,1274,1.864978902953587,252.5820198758858,2.0,1.0,1.0,0.379999999999999,0.0,5.0,Medium
Cambodia,KHM,Lower middle income,2009,2.8363,27.3,1904,13.25324324324324,1117.258341945143,2.0,0.0,0.0,0.10999999999999943,0.0,2.0,Low
Cameroon,CMR,Lower middle income,2009,2.7475,24.64,1604,7.002850913969478,1290.899613511486,1.0,0.0,0.0,0.4200000000000017,0.0,1.0,Low
Chad,TCD,Low income,2009,1.0481,28.57,322,3.29875,871.4853112730773,4.0,2.0,1.0,0.9600000000000009,0.0,8.5,High
China,CHN,Upper middle income,2009,6.582,12.89,645,383.9675873216207,5237.766665403525,26.0,7.0,2.0,0.23000000000000043,0.0,39.5,High
Colombia,COL,Upper middle income,2009,4.695600000000001,22.95,3240,406.5335023654185,5046.971217577268,3.0,1.0,0.0,0.4299999999999997,0.0,4.5,Medium
Comoros,COM,Lower middle income,2009,0.2917,25.64,900,0.3692307692307693,1250.900353442265,1.0,1.0,0.0,0.39000000000000057,0.0,2.5,Medium
Cuba,CUB,Upper middle income,2009,2.6123,25.39,1335,9.535693557748115,6561.253050930061,0.0,0.0,0.0,-0.019999999999999574,0.0,0.0,Low
Dominican Republic,DOM,Upper middle income,2009,4.2862,23.99,1410,78.58667867513259,5294.649533744258,3.0,2.0,0.0,0.18999999999999773,0.0,6.0,High
Ecuador,ECU,Upper middle income,2009,4.0004,21.24,2274,187.2786393196598,4909.336817056835,2.0,1.0,1.0,0.259999999999998,0.0,5.0,Medium
El Salvador,SLV,Upper middle income,2009,6.9016,25.99,1784,122.923813939113,3337.811508782107,3.0,0.0,1.0,0.889999999999997,0.0,4.5,Medium
Eswatini,SWZ,Lower middle income,2009,3.5999,19.24,788,48.76271186440678,2973.834569123791,0.0,0.0,0.0,0.019999999999999574,0.0,0.0,Low
Fiji,FJI,Upper middle income,2009,2.8705,23.9,2592,59.14239482200647,4164.293148008567,2.0,1.0,0.0,-0.6600000000000001,0.0,3.5,Medium
Gabon,GAB,Upper middle income,2009,2.524,24.66,1831,12.02153846153846,6264.836114801538,1.0,0.0,0.0,0.05999999999999872,0.0,1.0,Low
Ghana,GHA,Lower middle income,2009,2.4109,27.42,1187,20.89120943247223,1311.630537601251,2.0,2.0,0.0,0.26000000000000156,0.0,5.0,Medium
Guatemala,GTM,Upper middle income,2009,2.8922,22.24,1996,103.9692327664546,3516.192277252547,3.0,1.0,1.0,0.6600000000000001,0.0,6.0,High
Guinea,GIN,Lower middle income,2009,1.6705,25.87,1651,0.6108534149562405,660.7567013302843,1.0,1.0,0.0,0.13000000000000256,0.0,2.5,Medium
Haiti,HTI,Lower middle income,2009,2.2313,25.09,1440,9.852581528358325,1412.896535234288,3.0,3.0,0.0,0.14000000000000057,0.0,7.5,High
Honduras,HND,Lower middle income,2009,4.937600000000001,23.58,1976,62.22200392927309,2076.308598956379,3.0,0.0,1.0,0.389999999999997,0.0,4.5,Medium
India,IND,Lower middle income,2009,3.1941,23.02,1083,167.4572959144905,1155.101632741718,17.0,6.0,1.0,0.5799999999999983,0.0,27.5,High
Indonesia,IDN,Upper middle income,2009,5.0105,25.52,2702,239.6035912032383,2546.219697077671,12.0,5.0,0.0,0.379999999999999,0.0,19.5,High
Iraq,IRQ,Upper middle income,2009,3.1511,23.42,216,60.19643835616439,3768.172843289835,1.0,1.0,0.0,-0.23999999999999844,0.0,2.5,Medium
Jamaica,JAM,Upper middle income,2009,4.0541,25.69,2051,58.19166666666667,5372.142341695113,0.0,0.0,0.0,0.370000000000001,0.0,0.0,Low
Kazakhstan,KAZ,Upper middle income,2009,3.5323,6.513,250,1.970773843218651,8218.399125560478,0.0,0.0,0.0,-0.75,0.0,0.0,Low
Kenya,KEN,Lower middle income,2009,1.9333,23.2,630,34.04290909090909,1276.735034860743,5.0,2.0,0.0,0.46000000000000085,0.0,8.0,High
Liberia,LBR,Low income,2009,1.1835,25.11,2391,7.302127659574468,603.2562110776055,2.0,1.0,0.0,0.00999999999999801,0.0,3.5,Medium
Madagascar,MDG,Low income,2009,3.5056,22.1,1513,2.605333333333333,457.7897548660683,4.0,0.0,0.0,0.360000000000003,0.0,4.0,Medium
Malawi,MWI,Low income,2009,2.1259,22.18,1181,30.84571428571429,489.6314187901578,3.0,0.0,0.0,0.23000000000000043,0.0,3.0,Medium
Malaysia,MYS,Upper middle income,2009,3.7205,26.33,2875,1301.984615384615,7700.46111294033,2.0,2.0,0.0,0.36999999999999744,0.0,5.0,Medium
Mali,MLI,Low income,2009,3.0646,28.82,282,17.64635355053234,803.4867389276241,2.0,1.0,0.0,0.5800000000000018,0.0,3.5,Medium
Mauritania,MRT,Lower middle income,2009,3.9894,28.59,92,5.397777777777778,1469.054268808128,1.0,1.0,0.0,0.0799999999999983,0.0,2.5,Medium
Mexico,MEX,Upper middle income,2009,4.8502,21.07,758,68.50453681299689,9074.1188145564,8.0,5.0,0.0,0.5,0.0,15.5,High
Morocco,MAR,Lower middle income,2009,6.4154,18.41,346,41.06535151002537,2710.66650390625,2.0,2.0,0.0,0.629999999999999,0.0,5.0,Medium
Mozambique,MOZ,Low income,2009,0.5542,23.75,1032,4.033454545454545,475.7881780511934,4.0,1.0,0.0,0.05999999999999872,0.0,5.5,High
Myanmar,MMR,Lower middle income,2009,4.055800000000001,24.86,2091,6.236427644987956,785.6348531686583,1.0,0.0,0.0,0.4399999999999977,0.0,1.0,Low
Nepal,NPL,Lower middle income,2009,2.7164,13.75,1500,18.20272727272727,692.4000008169188,6.0,2.0,1.0,0.5199999999999996,0.0,10.5,High
Nicaragua,NIC,Lower middle income,2009,4.5355,25.75,2280,35.031211750306,1655.72028962416,4.0,2.0,0.0,0.3099999999999987,0.0,7.0,High
Niger,NER,Low income,2009,4.3571,28.96,151,0.353489932885906,421.6509013331357,3.0,1.0,1.0,1.2800000000000011,0.0,6.0,High
Nigeria,NGA,Lower middle income,2009,1.9306,27.17,1150,4.565876545888479,2204.607256037303,4.0,2.0,0.0,0.5500000000000007,0.0,7.0,High
North Macedonia,MKD,Upper middle income,2009,6.368600000000001,11.38,619,56.69761904761905,4405.200457508667,0.0,0.0,0.0,-0.46999999999999886,0.0,0.0,Low
Pakistan,PAK,Lower middle income,2009,3.5809,23.324,494,144.3274303195105,1269.074321164441,3.0,3.0,0.0,-0.36699999999999733,0.0,7.5,High
Papua New Guinea,PNG,Lower middle income,2009,1.9925,22.29,3142,103.8533333333333,2003.241097270391,4.0,0.0,0.0,0.05000000000000071,0.0,4.0,Medium
Paraguay,PRY,Upper middle income,2009,4.3,22.56,1130,68.29187998795514,4727.59685811389,4.0,1.0,1.0,0.09999999999999787,0.0,7.0,High
Peru,PER,Upper middle income,2009,7.392600000000001,15.93,1738,97.50669659434683,4801.171537405071,7.0,1.0,0.0,0.29999999999999893,0.0,8.5,High
Philippines,PHL,Lower middle income,2009,3.589,26.02,2348,121.4452727272727,2256.725548354631,25.0,8.0,0.0,0.10999999999999943,0.0,37.0,High
Rwanda,RWA,Low income,2009,5.6178,19.3,1212,1.246977547495682,557.3978048592157,0.0,0.0,0.0,0.39000000000000057,0.0,0.0,Low
Senegal,SEN,Lower middle income,2009,3.6022,27.2,686,6.741436464088398,1142.653172339639,1.0,1.0,0.0,-0.370000000000001,0.0,2.5,Medium
Sierra Leone,SLE,Low income,2009,1.78,25.86,2526,1.321724607623702,872.2395935248096,1.0,1.0,0.0,0.18999999999999773,0.0,2.5,Medium
Solomon Islands,SLB,Lower middle income,2009,2.2727,26.27,3028,1.0,1930.462876149224,1.0,1.0,0.0,0.2699999999999996,0.0,2.5,Medium
South Africa,ZAF,Upper middle income,2009,2.5617,17.56,495,55.75039494470774,5847.058110845047,3.0,2.0,0.0,-0.14000000000000057,0.0,6.0,High
Sri Lanka,LKA,Lower middle income,2009,3.8748,26.76,1712,257.9283333333333,2787.273509763376,4.0,3.0,0.0,0.3500000000000014,0.0,8.5,High
Suriname,SUR,Upper middle income,2009,4.2092,26.39,2331,158.2931034482759,8276.690797687932,0.0,0.0,0.0,0.379999999999999,0.0,0.0,Low
Tajikistan,TJK,Lower middle income,2009,4.3558,4.836,691,12.1280276816609,739.2128785263312,1.0,1.0,0.0,-0.38399999999999945,0.0,2.5,Medium
Thailand,THA,Upper middle income,2009,2.9743,26.79,1622,109.0137345415171,4737.456797633144,1.0,1.0,0.0,0.3099999999999987,0.0,2.5,Medium
Togo,TGO,Low income,2009,2.654,27.28,1168,2.908979591836735,625.7115113704344,1.0,1.0,0.0,0.28000000000000114,0.0,2.5,Medium
Turkmenistan,TKM,Upper middle income,2009,1.6,16.57,161,151.34245696823,3645.435224208405,0.0,0.0,0.0,0.4200000000000017,0.0,0.0,Low
Uganda,UGA,Low income,2009,2.3926,23.03,1180,2.082727272727273,749.3428655354232,2.0,0.0,0.0,0.6000000000000014,0.0,2.0,Low
Ukraine,UKR,Upper middle income,2009,5.8327,9.635,565,27.30340538210481,2188.17016601563,2.0,0.0,0.0,-0.09100000000000108,0.0,2.0,Low
Uzbekistan,UZB,Lower middle income,2009,4.4656,12.96,206,197.8966991213489,2025.042986460979,0.0,0.0,0.0,0.23000000000000043,0.0,0.0,Low
Zambia,ZMB,Lower middle income,2009,1.639,21.64,1020,25.77774647887324,1110.719181024865,2.0,1.0,0.0,-0.019999999999999574,0.0,3.5,Medium
Zimbabwe,ZWE,Lower middle income,2009,0.7422000000000001,20.49,657,28.7780487804878,896.9155328778453,2.0,0.0,0.0,-0.2700000000000031,0.0,2.0,Low
Afghanistan,AFG,Low income,2010,3.2308,10.59,327,1.777877582445785,542.8710304760368,5.0,2.0,0.0,1.3320000000000007,0.0,8.0,High
Algeria,DZA,Upper middle income,2010,1.532,18.91,89,15.79578778992269,4456.610274164303,0.0,0.0,0.0,0.3999999999999986,0.0,0.0,Low
Angola,AGO,Lower middle income,2010,0.7403,22.77,1010,8.229285714285714,3540.791595683807,3.0,3.0,0.0,0.07000000000000028,0.0,7.5,High
Azerbaijan,AZE,Upper middle income,2010,2.3963,13.3,447,9.954885621782283,5300.110487290623,1.0,1.0,0.0,1.4900000000000002,0.0,2.5,Medium
Bangladesh,BGD,Lower middle income,2010,4.315399999999999,26.02,2666,208.0243229689067,943.6642286423604,6.0,2.0,0.0,0.05999999999999872,0.0,9.0,High
Belize,BLZ,Upper middle income,2010,4.4538,25.7,1705,58.01333333333334,5937.75398343789,1.0,0.0,0.0,-0.22000000000000242,0.0,1.0,Low
Benin,BEN,Lower middle income,2010,2.6558,27.79,1039,9.134,928.2466553291445,4.0,1.0,0.0,0.34999999999999787,0.0,5.5,High
Bhutan,BTN,Lower middle income,2010,3.14,11.18,2200,10.03976143141153,2378.728107609852,0.0,0.0,0.0,0.08999999999999986,0.0,0.0,Low
Brazil,BRA,Upper middle income,2010,4.1271,24.75,1761,202.7967512887851,8792.633349598644,5.0,3.0,1.0,0.26000000000000156,0.0,11.0,High
Burkina Faso,BFA,Low income,2010,2.0238,29.07,748,8.842779488596884,561.8472213024888,2.0,1.0,0.0,0.1700000000000017,0.0,3.5,Medium
Burundi,BDI,Low income,2010,2.8077,20.95,1274,3.627368421052632,253.3085777499238,3.0,2.0,0.0,0.3999999999999986,0.0,6.0,High
Cambodia,KHM,Lower middle income,2010,2.9697,28.17,1904,15.62726787620064,1155.852368566987,1.0,1.0,0.0,0.870000000000001,0.0,2.5,Medium
Cameroon,CMR,Lower middle income,2010,1.0936,24.92,1604,9.239032258064515,1290.901374575901,2.0,1.0,0.0,0.28000000000000114,0.0,3.5,Medium
Chad,TCD,Low income,2010,1.3415,28.62,322,4.043333333333333,956.9530187156511,4.0,1.0,0.0,0.05000000000000071,0.0,5.5,High
China,CHN,Upper middle income,2010,6.5482,12.6,645,425.2393402939925,5764.865349874065,25.0,5.0,1.0,-0.2900000000000009,0.0,34.0,High
Colombia,COL,Upper middle income,2010,4.1223,23.13,3240,546.9417723328428,5214.245476201313,6.0,3.0,0.0,0.17999999999999972,0.0,10.5,High
Comoros,COM,Lower middle income,2010,0.2857,25.89,900,0.2461538461538462,1272.606506647047,0.0,0.0,0.0,0.25,0.0,0.0,Low
Cuba,CUB,Upper middle income,2010,2.5755,24.95,1335,37.23374704491726,6716.490484970583,0.0,0.0,0.0,-0.4400000000000013,0.0,0.0,Low
Dominican Republic,DOM,Upper middle income,2010,4.7651,24.29,1410,106.781381757691,5666.456334302058,4.0,2.0,0.0,0.3000000000000007,0.0,7.0,High
Ecuador,ECU,Upper middle income,2010,3.4828,21.06,2274,252.0709710047201,5022.203743872045,4.0,2.0,0.0,-0.17999999999999972,0.0,7.0,High
El Salvador,SLV,Upper middle income,2010,7.0136,25.56,1784,184.1714983216357,3398.49346060363,3.0,0.0,0.0,-0.4299999999999997,0.0,3.0,Medium
Eswatini,SWZ,Lower middle income,2010,3.5447,19.85,788,48.02824858757062,3069.521757258837,0.0,0.0,0.0,0.610000000000003,0.0,0.0,Low
Fiji,FJI,Upper middle income,2010,3.0173,24.66,2592,42.68987341772152,4272.359150901996,1.0,0.0,0.0,0.7600000000000016,0.0,1.0,Low
Gabon,GAB,Upper middle income,2010,2.5754,25.02,1831,3.16,6481.496120735622,4.0,0.0,0.0,0.35999999999999943,0.0,4.0,Medium
Ghana,GHA,Lower middle income,2010,2.7126,27.69,1187,20.4372267841194,1381.227950350598,3.0,2.0,0.0,0.2699999999999996,0.0,6.0,High
Guatemala,GTM,Upper middle income,2010,2.8258,22.23,1996,150.8052259698707,3546.625816225897,6.0,1.0,0.0,-0.00999999999999801,0.0,7.5,High
Guinea,GIN,Lower middle income,2010,1.1008,26.14,1651,0.74248189050986,675.7369173277077,2.0,2.0,0.0,0.2699999999999996,0.0,5.0,Medium
Haiti,HTI,Lower middle income,2010,2.3228,25.25,1440,12.95423728813559,1317.583893397464,7.0,3.0,0.0,0.16000000000000014,0.0,11.5,High
Honduras,HND,Lower middle income,2010,5.7287,23.42,1976,85.65717092337917,2108.473144596029,5.0,2.0,0.0,-0.1599999999999966,0.0,8.0,High
India,IND,Lower middle income,2010,3.323,23.0,1083,179.0358769242528,1235.159391339511,18.0,8.0,0.0,-0.019999999999999574,0.0,30.0,High
Indonesia,IDN,Upper middle income,2010,5.025300000000001,25.64,2702,239.5533931878169,2670.812909895296,12.0,7.0,0.0,0.120000000000001,0.0,22.5,High
Iraq,IRQ,Upper middle income,2010,3.2482,24.95,216,34.29,3881.943270453025,0.0,0.0,0.0,1.5299999999999976,0.0,0.0,Low
Jamaica,JAM,Upper middle income,2010,4.7397,25.57,2051,62.625,5271.572214779385,1.0,0.0,0.0,-0.120000000000001,0.0,1.0,Low
Kazakhstan,KAZ,Upper middle income,2010,3.9697,6.618,250,2.046032952398218,8704.706554845556,2.0,2.0,0.0,0.10500000000000043,0.0,5.0,Medium
Kenya,KEN,Lower middle income,2010,4.2384,22.94,630,32.47728373733857,1340.164674088561,5.0,2.0,0.0,-0.259999999999998,0.0,8.0,High
Liberia,LBR,Low income,2010,1.1786,25.31,2391,11.76875,621.7832950715754,1.0,1.0,0.0,0.1999999999999993,0.0,2.5,Medium
Madagascar,MDG,Low income,2010,3.6249,22.35,1513,2.977333333333333,447.4171430306868,2.0,0.0,0.0,0.25,0.0,2.0,Low
Malawi,MWI,Low income,2010,1.8631,22.59,1181,37.398,508.0886505528461,1.0,1.0,0.0,0.41000000000000014,0.0,2.5,Medium
Malaysia,MYS,Upper middle income,2010,3.6361,26.6,2875,2166.749385461781,8118.922705119811,0.0,0.0,0.0,0.2700000000000031,0.0,0.0,Low
Mali,MLI,Low income,2010,2.1044,29.42,282,18.50790608528989,821.1812865878716,3.0,2.0,1.0,0.6000000000000014,0.0,7.5,High
Mauritania,MRT,Lower middle income,2010,5.231,29.6,92,8.748888888888889,1460.191796528735,2.0,1.0,1.0,1.0100000000000016,0.0,5.0,Medium
Mexico,MEX,Upper middle income,2010,5.1901,20.34,758,72.30423407316967,9389.067220842753,9.0,2.0,0.0,-0.7300000000000004,0.0,12.0,High
Morocco,MAR,Lower middle income,2010,6.827,18.82,346,57.17102454297284,2767.04223632813,2.0,2.0,0.0,0.41000000000000014,0.0,5.0,Medium
Mozambique,MOZ,Low income,2010,0.5472,24.21,1032,8.199469026548673,494.1628590747853,3.0,1.0,1.0,0.46000000000000085,0.0,6.0,High
Myanmar,MMR,Lower middle income,2010,4.0664,25.27,2091,6.637221348626399,854.9324780277487,3.0,0.0,0.0,0.41000000000000014,0.0,3.0,Medium
Nepal,NPL,Lower middle income,2010,2.9805,13.85,1500,25.08669724770642,721.2652213643022,4.0,2.0,0.0,0.09999999999999964,0.0,7.0,High
Nicaragua,NIC,Lower middle income,2010,5.1406,25.67,2280,34.2,1704.378750490594,5.0,2.0,0.0,-0.0799999999999983,0.0,8.0,High
Niger,NER,Low income,2010,3.0742,29.1,151,0.4960264900662252,441.0791661120394,4.0,2.0,0.0,0.14000000000000057,0.0,7.0,High
Nigeria,NGA,Lower middle income,2010,1.8386,27.48,1150,11.21455203116305,2315.466765096628,3.0,1.0,0.0,0.3099999999999987,0.0,4.5,Medium
North Macedonia,MKD,Upper middle income,2010,6.230300000000001,11.6,619,67.11111111111111,4582.36517512347,0.0,0.0,0.0,0.21999999999999886,0.0,0.0,Low
Pakistan,PAK,Lower middle income,2010,3.0588,23.36,494,138.3047294998299,1256.694822013231,7.0,4.0,0.0,0.03599999999999781,0.0,13.0,High
Papua New Guinea,PNG,Lower middle income,2010,2.0056,22.72,3142,109.4833333333333,2140.509390273843,0.0,0.0,0.0,0.4299999999999997,0.0,0.0,Low
Paraguay,PRY,Upper middle income,2010,5.2998,22.18,1130,90.46579420007504,5191.050142543619,1.0,0.0,0.0,-0.379999999999999,0.0,1.0,Low
Peru,PER,Upper middle income,2010,7.285,16.11,1738,93.13769136761857,5167.392593259375,4.0,1.0,0.0,0.17999999999999972,0.0,5.5,High
Philippines,PHL,Lower middle income,2010,3.6224,26.39,2348,151.4354716981132,2373.143120646636,15.0,9.0,0.0,0.370000000000001,0.0,28.5,High
Rwanda,RWA,Low income,2010,5.1833,19.75,1212,0.07939189189189189,583.3714164194832,2.0,0.0,0.0,0.4499999999999993,0.0,2.0,Low
Senegal,SEN,Lower middle income,2010,4.1033,28.14,686,8.610220994475139,1153.534311215833,2.0,2.0,0.0,0.9400000000000013,0.0,5.0,Medium
Sierra Leone,SLE,Low income,2010,1.87,25.93,2526,0.6239005808729546,902.7698914113942,2.0,1.0,0.0,0.07000000000000028,0.0,3.5,Medium
Solomon Islands,SLB,Lower middle income,2010,2.0915,26.45,3028,0.0,2058.956916488827,3.0,1.0,0.0,0.17999999999999972,0.0,4.5,Medium
South Africa,ZAF,Upper middle income,2010,2.5882,18.06,495,53.77802601133009,5953.945065128211,1.0,0.0,0.0,0.5,0.0,1.0,Low
Sri Lanka,LKA,Lower middle income,2010,4.055800000000001,26.72,1712,229.0475,2993.014115111471,2.0,2.0,0.0,-0.0400000000000027,0.0,5.0,Medium
Suriname,SUR,Upper middle income,2010,4.2329,26.55,2331,211.9272727272727,8603.907867458549,0.0,0.0,0.0,0.16000000000000014,0.0,0.0,Low
Tajikistan,TJK,Lower middle income,2010,5.174,5.535,691,9.592984335252376,770.6041053937913,4.0,2.0,0.0,0.6989999999999998,0.0,7.0,High
Thailand,THA,Upper middle income,2010,2.9089,27.42,1622,139.4366963814602,5059.357478316572,3.0,1.0,1.0,0.6300000000000026,0.0,6.0,High
Togo,TGO,Low income,2010,2.3228,27.6,1168,9.83780487804878,644.5632812644998,3.0,2.0,0.0,0.3200000000000003,0.0,6.0,High
Turkmenistan,TKM,Upper middle income,2010,1.7,17.22,161,153.1793374108002,3900.142379258554,0.0,0.0,0.0,0.6499999999999986,0.0,0.0,Low
Uganda,UGA,Low income,2010,2.507,22.78,1180,1.719407407407407,768.6240916601312,2.0,0.0,0.0,-0.25,0.0,2.0,Low
Ukraine,UKR,Upper middle income,2010,5.0512,9.674,565,32.65818887212489,2285.93383789063,1.0,1.0,0.0,0.0389999999999997,0.0,2.5,Medium
Uzbekistan,UZB,Lower middle income,2010,3.6098,13.57,206,205.3897411313519,2144.6400056546,0.0,0.0,0.0,0.6099999999999994,0.0,0.0,Low
Zambia,ZMB,Lower middle income,2010,1.6778,22.16,1020,29.1735294117647,1183.417124091987,2.0,1.0,0.0,0.5199999999999996,0.0,3.5,Medium
Zimbabwe,ZWE,Lower middle income,2010,0.6437999999999999,21.3,657,34.083,1056.208845638891,4.0,1.0,1.0,0.8100000000000023,0.0,7.0,High
Afghanistan,AFG,Low income,2011,3.2,10.24,327,3.827108201771275,525.4269827658195,4.0,2.0,1.0,-0.34999999999999964,0.0,8.5,High
Algeria,DZA,Upper middle income,2011,1.6089,18.47,89,15.76912823247134,4501.354301335197,1.0,1.0,0.0,-0.4400000000000013,0.0,2.5,Medium
Angola,AGO,Lower middle income,2011,0.8914,22.3,1010,11.98382978723404,3528.168243733989,4.0,4.0,0.0,-0.46999999999999886,0.0,10.0,High
Azerbaijan,AZE,Upper middle income,2011,2.0947,11.03,447,15.57458768627035,5149.206659132063,0.0,0.0,0.0,-2.2700000000000014,0.0,0.0,Low
Bangladesh,BGD,Lower middle income,2011,4.4068,25.26,2666,249.7469159353936,995.5799471556621,5.0,1.0,0.0,-0.759999999999998,0.0,6.5,High
Belize,BLZ,Upper middle income,2011,4.2831,25.82,1705,234.7066666666667,5802.243445314916,0.0,0.0,0.0,0.120000000000001,0.0,0.0,Low
Benin,BEN,Lower middle income,2011,3.9362,27.44,1039,4.44,927.7164128367069,1.0,1.0,0.0,-0.34999999999999787,0.0,2.5,Medium
Bhutan,BTN,Lower middle income,2011,3.2382,10.52,2200,13.05389221556886,2552.488710730937,1.0,0.0,0.0,-0.6600000000000001,0.0,1.0,Low
Brazil,BRA,Upper middle income,2011,4.8956,24.27,1761,251.427316585619,9067.99212019529,9.0,8.0,0.0,-0.4800000000000004,0.0,21.0,High
Burkina Faso,BFA,Low income,2011,1.7676,28.95,748,9.351775296664083,581.6036587374068,1.0,0.0,1.0,-0.120000000000001,0.0,2.5,Medium
Burundi,BDI,Low income,2011,2.6848,20.29,1274,5.635,254.2421106482151,4.0,1.0,1.0,-0.6600000000000001,0.0,7.0,High
Cambodia,KHM,Lower middle income,2011,2.9574,27.48,1904,20.08750020878923,1221.388398524541,1.0,1.0,0.0,-0.6900000000000013,0.0,2.5,Medium
Cameroon,CMR,Lower middle income,2011,1.3464,24.37,1604,11.03596774193548,1297.306496269402,1.0,0.0,0.0,-0.5500000000000007,0.0,1.0,Low
Chad,TCD,Low income,2011,1.4296,27.99,322,4.728139534883721,965.2869635570568,2.0,0.0,0.0,-0.6300000000000026,0.0,2.0,Low
China,CHN,Upper middle income,2011,6.686199999999999,12.35,645,444.6498062015504,6275.909564362581,20.0,5.0,0.0,-0.25,0.0,27.5,High
Colombia,COL,Upper middle income,2011,3.9589,22.74,3240,575.9265561433514,5517.101108689902,3.0,2.0,0.0,-0.39000000000000057,0.0,6.0,High
Comoros,COM,Lower middle income,2011,0.3077,25.6,900,0.2153846153846154,1299.110990219218,0.0,0.0,0.0,-0.28999999999999915,0.0,0.0,Low
Cuba,CUB,Upper middle income,2011,2.7225,25.4,1335,33.93683006142358,6902.163975711391,0.0,0.0,0.0,0.4499999999999993,0.0,0.0,Low
Dominican Republic,DOM,Upper middle income,2011,5.0057,23.92,1410,90.51171653592885,5773.574034591559,4.0,1.0,0.0,-0.36999999999999744,0.0,5.5,High
Ecuador,ECU,Upper middle income,2011,3.5936,21.02,2274,275.3551959851172,5359.457246156387,2.0,1.0,0.0,-0.03999999999999915,0.0,3.5,Medium
El Salvador,SLV,Upper middle income,2011,5.4783,25.56,1784,194.4673798402893,3514.069144355002,1.0,1.0,0.0,0.0,0.0,2.5,Medium
Eswatini,SWZ,Lower middle income,2011,3.4895,19.44,788,52.53672316384181,3108.702252530922,0.0,0.0,0.0,-0.41000000000000014,0.0,0.0,Low
Fiji,FJI,Upper middle income,2011,2.8519,24.45,2592,90.63467492260062,4375.5808542034,0.0,0.0,0.0,-0.21000000000000085,0.0,0.0,Low
Gabon,GAB,Upper middle income,2011,2.6264,24.8,1831,5.649230769230769,6699.233946065119,0.0,0.0,0.0,-0.21999999999999886,0.0,0.0,Low
Ghana,GHA,Lower middle income,2011,2.3495,27.32,1187,14.60569909944386,1537.818340192826,3.0,2.0,0.0,-0.370000000000001,0.0,6.0,High
Guatemala,GTM,Upper middle income,2011,2.8621,22.24,1996,172.9983559391698,3621.374097691837,7.0,3.0,0.0,0.00999999999999801,0.0,11.5,High
Guinea,GIN,Lower middle income,2011,1.1567,25.86,1651,2.832424359808991,696.199991395571,1.0,1.0,0.0,-0.28000000000000114,0.0,2.5,Medium
Haiti,HTI,Lower middle income,2011,2.4089,25.05,1440,6.003389830508475,1369.169212558525,4.0,2.0,0.0,-0.1999999999999993,0.0,7.0,High
Honduras,HND,Lower middle income,2011,5.7761,23.48,1976,131.4901768172888,2144.562655404912,1.0,1.0,0.0,0.05999999999999872,0.0,2.5,Medium
India,IND,Lower middle income,2011,3.606,22.44,1083,180.7482911727046,1281.610543549328,13.0,7.0,0.0,-0.5599999999999987,0.0,23.5,High
Indonesia,IDN,Upper middle income,2011,4.9995,25.3,2702,260.8719543994877,2799.624687903184,12.0,6.0,0.0,-0.33999999999999986,0.0,21.0,High
Iraq,IRQ,Upper middle income,2011,3.5762,22.72,216,39.09767441860465,4030.016868609864,1.0,1.0,0.0,-2.2300000000000004,0.0,2.5,Medium
Jamaica,JAM,Upper middle income,2011,5.3341,25.43,2051,71.175,5339.621701887982,0.0,0.0,0.0,-0.14000000000000057,0.0,0.0,Low
Kazakhstan,KAZ,Upper middle income,2011,3.7152,5.934,250,2.995551839235656,9223.302133631498,1.0,1.0,0.0,-0.6840000000000002,0.0,2.5,Medium
Kenya,KEN,Lower middle income,2011,3.9676,22.97,630,37.80211100871963,1370.58000874482,5.0,3.0,2.0,0.029999999999997584,0.0,12.5,High
Liberia,LBR,Low income,2011,1.2169,25.02,2391,7.502,646.9087270165967,0.0,0.0,0.0,-0.28999999999999915,0.0,0.0,Low
Madagascar,MDG,Low income,2011,3.643,22.17,1513,4.204,441.7551584141205,1.0,0.0,0.0,-0.17999999999999972,0.0,1.0,Low
Malawi,MWI,Low income,2011,1.9125,22.48,1181,30.36628571428571,517.8337366242317,3.0,3.0,0.0,-0.10999999999999943,0.0,7.5,High
Malaysia,MYS,Upper middle income,2011,3.7468,26.16,2875,2183.644870609981,8400.322486835577,2.0,1.0,0.0,-0.4400000000000013,0.0,3.5,Medium
Mali,MLI,Low income,2011,3.021,28.94,282,9.604806201550387,818.3990309955475,3.0,1.0,1.0,-0.4800000000000004,0.0,6.0,High
Mauritania,MRT,Lower middle income,2011,5.095800000000001,28.79,92,5.437777777777778,1472.552455722291,1.0,0.0,1.0,-0.8100000000000023,0.0,2.5,Medium
Mauritius,MUS,Upper middle income,2011,2.6333,24.44,2041,243.2307692307692,8432.19129317694,0.0,0.0,0.0,0.0,0.0,0.0,Low
Mexico,MEX,Upper middle income,2011,5.0962,21.07,758,84.40799436520514,9575.934377885818,12.0,3.0,1.0,0.7300000000000004,0.0,18.0,High
Morocco,MAR,Lower middle income,2011,7.0236,18.25,346,59.1200440810887,2879.53930664063,0.0,0.0,0.0,-0.5700000000000003,0.0,0.0,Low
Mozambique,MOZ,Low income,2011,0.5444,23.84,1032,7.355929203539823,514.8699571919941,4.0,2.0,0.0,-0.370000000000001,0.0,7.0,High
Myanmar,MMR,Lower middle income,2011,3.8338,24.36,2091,14.99517893565733,895.5125387626313,2.0,1.0,0.0,-0.9100000000000001,0.0,3.5,Medium
Nepal,NPL,Lower middle income,2011,3.312,13.0,1500,35.80986729551024,742.6172526625764,7.0,2.0,0.0,-0.8499999999999996,0.0,10.0,High
Nicaragua,NIC,Lower middle income,2011,4.1177,25.49,2280,51.57285429141717,1786.628634183084,1.0,1.0,0.0,-0.18000000000000327,0.0,2.5,Medium
Niger,NER,Low income,2011,3.3285,28.65,151,0.4856410256410256,434.986264873953,4.0,2.0,1.0,-0.45000000000000284,0.0,8.5,High
Nigeria,NGA,Lower middle income,2011,2.0325,26.97,1150,6.201773650996636,2370.976570918026,6.0,4.0,0.0,-0.5100000000000016,0.0,12.0,High
North Macedonia,MKD,Upper middle income,2011,5.992,11.08,619,63.61835748792271,4711.130278700812,0.0,0.0,0.0,-0.5199999999999996,0.0,0.0,Low
Pakistan,PAK,Lower middle income,2011,3.5939,22.965,494,128.5226910299003,1261.831619078569,2.0,1.0,0.0,-0.3949999999999996,0.0,3.5,Medium
Papua New Guinea,PNG,Lower middle income,2011,2.0186,22.28,3142,85.47666666666667,2102.031920606388,1.0,0.0,0.0,-0.4399999999999977,0.0,1.0,Low
Paraguay,PRY,Upper middle income,2011,5.1936,22.48,1130,109.7353014728935,5342.190157175379,3.0,0.0,0.0,0.3000000000000007,0.0,3.0,Medium
Peru,PER,Upper middle income,2011,7.298,15.6,1738,104.5618735871407,5453.45718713631,6.0,3.0,0.0,-0.5099999999999998,0.0,10.5,High
Philippines,PHL,Lower middle income,2011,3.6776,25.89,2348,144.8612844036697,2416.752120645418,36.0,15.0,0.0,-0.5,0.0,58.5,High
Rwanda,RWA,Low income,2011,5.5195,18.99,1212,0.09421487603305785,614.539650123021,1.0,1.0,0.0,-0.7600000000000016,0.0,2.5,Medium
Senegal,SEN,Lower middle income,2011,3.7171,27.64,686,6.827575757575757,1139.744478926389,2.0,1.0,1.0,-0.5,0.0,5.0,Medium
Sierra Leone,SLE,Low income,2011,1.87,25.69,2526,0.5718158329450633,950.7607630545934,1.0,1.0,0.0,-0.23999999999999844,0.0,2.5,Medium
Solomon Islands,SLB,Lower middle income,2011,2.2485,26.31,3028,20.3,2132.028441993916,1.0,0.0,0.0,-0.14000000000000057,0.0,1.0,Low
South Africa,ZAF,Upper middle income,2011,2.6141,17.26,495,60.33408127648966,6067.12482726885,3.0,1.0,0.0,-0.7999999999999972,0.0,4.5,Medium
Sri Lanka,LKA,Lower middle income,2011,3.5699,26.49,1712,257.3146153846154,3232.37350382301,5.0,3.0,0.0,-0.23000000000000043,0.0,9.5,High
Suriname,SUR,Upper middle income,2011,4.133100000000001,26.28,2331,206.2931034482759,9003.285976748855,0.0,0.0,0.0,-0.2699999999999996,0.0,0.0,Low
Tajikistan,TJK,Lower middle income,2011,5.8186,5.3,691,6.555435952637245,809.3682291540932,2.0,1.0,0.0,-0.23500000000000032,0.0,3.5,Medium
Thailand,THA,Upper middle income,2011,3.1013,26.36,1622,143.798265999285,5070.237401919421,5.0,2.0,0.0,-1.0600000000000023,0.0,8.0,High
Togo,TGO,Low income,2011,2.5101,27.27,1168,10.20406504065041,663.9633405278802,0.0,0.0,0.0,-0.33000000000000185,0.0,0.0,Low
Turkmenistan,TKM,Upper middle income,2011,1.5,15.97,161,155.0146564948492,4379.749433943387,0.0,0.0,0.0,-1.2499999999999982,0.0,0.0,Low
Uganda,UGA,Low income,2011,2.5889,22.58,1180,1.761751824817518,816.5163665872278,3.0,1.0,1.0,-0.20000000000000284,0.0,6.0,High
Ukraine,UKR,Upper middle income,2011,5.7399,8.979,565,38.87227299301517,2418.12084960938,0.0,0.0,0.0,-0.6950000000000003,0.0,0.0,Low
Uzbekistan,UZB,Lower middle income,2011,5.1843,12.69,206,213.0237115896443,2271.009362230023,1.0,0.0,0.0,-0.8800000000000008,0.0,1.0,Low
Zambia,ZMB,Lower middle income,2011,1.7974,21.85,1020,46.14722222222223,1208.464245696341,1.0,1.0,0.0,-0.3099999999999987,0.0,2.5,Medium
Zimbabwe,ZWE,Lower middle income,2011,0.5497000000000001,20.96,657,26.54833333333333,1184.934210205627,2.0,1.0,0.0,-0.33999999999999986,0.0,3.5,Medium
Afghanistan,AFG,Low income,2012,3.4293,8.624,327,2.377792041078306,568.9290214583409,11.0,6.0,0.0,-1.6159999999999997,0.0,20.0,High
Algeria,DZA,Upper middle income,2012,1.6667,18.68,89,21.32818224205688,4518.439789564638,2.0,2.0,0.0,0.21000000000000085,0.0,5.0,Medium
Angola,AGO,Lower middle income,2012,0.7703,22.59,1010,8.876170212765958,3682.352293227627,1.0,0.0,1.0,0.28999999999999915,0.0,2.5,Medium
Azerbaijan,AZE,Upper middle income,2012,2.2249,12.29,447,19.07633909742725,5193.175011195519,3.0,0.0,0.0,1.2599999999999998,0.0,3.0,Medium
Bangladesh,BGD,Lower middle income,2012,4.4213,25.33,2666,254.3093570973902,1050.391404040661,5.0,2.0,0.0,0.06999999999999673,0.0,8.0,High
Belize,BLZ,Upper middle income,2012,4.543699999999999,25.68,1705,140.0769230769231,5902.742346968806,0.0,0.0,0.0,-0.14000000000000057,0.0,0.0,Low
Benin,BEN,Lower middle income,2012,3.296,27.17,1039,10.29038461538462,943.9187715310006,1.0,1.0,0.0,-0.2699999999999996,0.0,2.5,Medium
Bhutan,BTN,Lower middle income,2012,3.6893,10.39,2200,10.68862275449102,2654.747989460268,0.0,0.0,0.0,-0.129999999999999,0.0,0.0,Low
Brazil,BRA,Upper middle income,2012,4.786,24.71,1761,230.1324786324786,9167.498184504328,3.0,2.0,1.0,0.4400000000000013,0.0,7.5,High
Burkina Faso,BFA,Low income,2012,2.3336,28.54,748,12.24243839064807,600.731343697818,1.0,1.0,0.0,-0.41000000000000014,0.0,2.5,Medium
Burundi,BDI,Low income,2012,2.1041,20.36,1274,6.208373904576436,256.1803939318739,0.0,0.0,0.0,0.07000000000000028,0.0,0.0,Low
Cambodia,KHM,Lower middle income,2012,3.0892,28.09,1904,26.88447393530667,1295.252714778931,1.0,1.0,0.0,0.6099999999999994,0.0,2.5,Medium
Cameroon,CMR,Lower middle income,2012,1.4217,24.32,1604,10.3358064516129,1319.669616340536,3.0,2.0,1.0,-0.05000000000000071,0.0,7.5,High
Chad,TCD,Low income,2012,1.2978,27.94,322,3.889032258064516,1016.421520618944,4.0,2.0,1.0,-0.04999999999999716,0.0,8.5,High
China,CHN,Upper middle income,2012,6.7747,12.26,645,457.3332384424139,6723.194437528233,28.0,12.0,0.0,-0.08999999999999986,0.0,46.0,High
Colombia,COL,Upper middle income,2012,4.0403,22.85,3240,581.9434308975971,5675.756179783048,4.0,3.0,0.0,0.11000000000000298,0.0,8.5,High
Comoros,COM,Lower middle income,2012,0.2857,25.52,900,0.2307692307692308,1313.581249374402,1.0,1.0,0.0,-0.08000000000000185,0.0,2.5,Medium
Cuba,CUB,Upper middle income,2012,3.1651,25.25,1335,43.47124310185333,7109.248341856352,3.0,1.0,0.0,-0.14999999999999858,0.0,4.5,Medium
Dominican Republic,DOM,Upper middle income,2012,4.126600000000001,23.98,1410,72.26686442165582,5860.298933210133,5.0,2.0,0.0,0.05999999999999872,0.0,8.0,High
Ecuador,ECU,Upper middle income,2012,3.3842,21.1,2274,254.7434445509191,5579.856242821576,3.0,1.0,0.0,0.08000000000000185,0.0,4.5,Medium
El Salvador,SLV,Upper middle income,2012,6.3968,25.86,1784,151.8318452380952,3601.442229145883,0.0,0.0,0.0,0.3000000000000007,0.0,0.0,Low
Eswatini,SWZ,Lower middle income,2012,3.4343,19.64,788,54.84180790960452,3218.50138205493,0.0,0.0,0.0,0.1999999999999993,0.0,0.0,Low
Fiji,FJI,Upper middle income,2012,2.4412,24.26,2592,72.31818181818181,4427.978444550379,3.0,2.0,0.0,-0.18999999999999773,0.0,6.0,High
Gabon,GAB,Upper middle income,2012,2.7419,24.81,1831,10.08923076923077,6803.226680792107,1.0,1.0,0.0,0.00999999999999801,0.0,2.5,Medium
Ghana,GHA,Lower middle income,2012,2.5386,27.18,1187,37.78139461800668,1640.540720880026,2.0,0.0,0.0,-0.14000000000000057,0.0,2.0,Low
Guatemala,GTM,Upper middle income,2012,2.8928,22.1,1996,200.8369733690292,3655.573157912421,3.0,0.0,1.0,-0.13999999999999702,0.0,4.5,Medium
Guinea,GIN,Lower middle income,2012,1.2,25.61,1651,2.115375300910693,719.5059167945462,1.0,0.0,0.0,-0.25,0.0,1.0,Low
Haiti,HTI,Lower middle income,2012,2.459,25.11,1440,151.0627118644068,1354.885461244991,7.0,3.0,0.0,0.05999999999999872,0.0,11.5,High
Honduras,HND,Lower middle income,2012,5.9734,23.42,1976,107.9106090373281,2188.393788178909,1.0,0.0,1.0,-0.05999999999999872,0.0,2.5,Medium
India,IND,Lower middle income,2012,3.6774,22.5,1083,163.122021642201,1333.096265576676,10.0,6.0,0.0,0.05999999999999872,0.0,19.0,High
Indonesia,IDN,Upper middle income,2012,5.151,25.37,2702,324.1051273102163,2930.518445322995,13.0,7.0,0.0,0.07000000000000028,0.0,23.5,High
Iraq,IRQ,Upper middle income,2012,4.5468,23.66,216,49.41600092624754,4387.904690587073,1.0,1.0,0.0,0.9400000000000013,0.0,2.5,Medium
Jamaica,JAM,Upper middle income,2012,4.9023,25.56,2051,87.375,5284.008525575893,1.0,0.0,0.0,0.129999999999999,0.0,1.0,Low
Kazakhstan,KAZ,Upper middle income,2012,3.7712,6.145,250,4.420250575300435,9531.914776170577,2.0,1.0,0.0,0.2109999999999994,0.0,3.5,Medium
Kenya,KEN,Lower middle income,2012,4.6643,22.83,630,43.63465904525929,1396.301787097564,1.0,1.0,0.0,-0.14000000000000057,0.0,2.5,Medium
Liberia,LBR,Low income,2012,1.2052,24.96,2391,10.892,674.360011422232,0.0,0.0,0.0,-0.05999999999999872,0.0,0.0,Low
Madagascar,MDG,Low income,2012,3.6502,22.01,1513,7.038333333333333,442.6415001235433,3.0,0.0,0.0,-0.16000000000000014,0.0,3.0,Medium
Malawi,MWI,Low income,2012,1.8453,22.37,1181,26.39685714285714,512.7403179745099,4.0,2.0,1.0,-0.10999999999999943,0.0,8.5,High
Malaysia,MYS,Upper middle income,2012,3.7972,26.22,2875,1916.840165822202,8710.526713599022,0.0,0.0,0.0,0.05999999999999872,0.0,0.0,Low
Mali,MLI,Low income,2012,3.4486,28.34,282,8.914595571622232,786.3234713368529,0.0,0.0,0.0,-0.6000000000000014,0.0,0.0,Low
Mauritania,MRT,Lower middle income,2012,4.978800000000001,28.21,92,7.84,1488.971775572145,0.0,0.0,0.0,-0.5799999999999983,0.0,0.0,Low
Mauritius,MUS,Upper middle income,2012,2.6893,24.33,2041,274.8421052631579,8702.82242878289,0.0,0.0,0.0,-0.11000000000000298,0.0,0.0,Low
Mexico,MEX,Upper middle income,2012,5.6231,20.96,758,84.80329904221355,9782.51776305354,3.0,0.0,0.0,-0.10999999999999943,0.0,3.0,Medium
Morocco,MAR,Lower middle income,2012,7.6015,18.19,346,56.99266807505903,2927.45043945313,1.0,0.0,0.0,-0.05999999999999872,0.0,1.0,Low
Mozambique,MOZ,Low income,2012,0.4045,23.83,1032,5.619469026548672,540.2945177803002,3.0,0.0,0.0,-0.010000000000001563,0.0,3.0,Medium
Myanmar,MMR,Lower middle income,2012,3.8115,24.79,2091,15.63547576969584,953.1230819364848,2.0,1.0,0.0,0.4299999999999997,0.0,3.5,Medium
Nepal,NPL,Lower middle income,2012,3.1709,12.85,1500,26.54369496402634,775.3105784798393,2.0,1.0,0.0,-0.15000000000000036,0.0,3.5,Medium
Nicaragua,NIC,Lower middle income,2012,3.7753,25.55,2280,51.17365269461078,1876.175972014896,1.0,1.0,0.0,0.060000000000002274,0.0,2.5,Medium
Niger,NER,Low income,2012,4.2439,28.45,151,0.9232704402515723,463.0662654964024,3.0,1.0,0.0,-0.1999999999999993,0.0,4.5,Medium
Nigeria,NGA,Lower middle income,2012,1.8971,26.76,1150,8.427186623336944,2403.653878969245,3.0,1.0,0.0,-0.2099999999999973,0.0,4.5,Medium
North Macedonia,MKD,Upper middle income,2012,5.2322,11.82,619,57.59420289855073,4708.051685359227,1.0,0.0,0.0,0.7400000000000002,0.0,1.0,Low
Pakistan,PAK,Lower middle income,2012,3.5966,22.027,494,117.3623677248677,1275.488068989662,5.0,3.0,0.0,-0.9379999999999988,0.0,9.5,High
Papua New Guinea,PNG,Lower middle income,2012,2.0317,22.36,3142,107.47,2139.480966604283,2.0,1.0,0.0,0.0799999999999983,0.0,3.5,Medium
Paraguay,PRY,Upper middle income,2012,4.95,23.28,1130,94.17663392841298,5230.262448589885,3.0,1.0,1.0,0.8000000000000007,0.0,6.0,High
Peru,PER,Upper middle income,2012,7.785100000000001,15.85,1738,101.0083141557826,5740.04346272472,5.0,1.0,0.0,0.25,0.0,6.5,High
Philippines,PHL,Lower middle income,2012,3.8448,26.11,2348,118.3512544802867,2533.741419649587,22.0,8.0,0.0,0.21999999999999886,0.0,34.0,High
Rwanda,RWA,Low income,2012,5.7193,19.15,1212,4.723886639676113,651.8528186658335,1.0,1.0,0.0,0.16000000000000014,0.0,2.5,Medium
Senegal,SEN,Lower middle income,2012,3.9892,27.56,686,10.52424242424242,1154.056779923672,1.0,1.0,0.0,-0.08000000000000185,0.0,2.5,Medium
Sierra Leone,SLE,Low income,2012,1.59,25.57,2526,3.023137294873102,1025.043660045016,1.0,0.0,0.0,-0.120000000000001,0.0,1.0,Low
Solomon Islands,SLB,Lower middle income,2012,2.1517,26.26,3028,67.54545454545455,2105.914237583791,1.0,1.0,0.0,-0.04999999999999716,0.0,2.5,Medium
South Africa,ZAF,Upper middle income,2012,2.7273,17.68,495,61.58333333333334,6121.557838607126,2.0,1.0,0.0,0.41999999999999815,0.0,3.5,Medium
Sri Lanka,LKA,Lower middle income,2012,3.6057,26.72,1712,205.8553846153846,3484.790490338842,3.0,1.0,1.0,0.23000000000000043,0.0,6.0,High
Sudan,SDN,Low income,2012,4.7619,28.17,250,3.327833946726455,1288.25854492188,3.0,1.0,1.0,0.0,0.0,6.0,High
Suriname,SUR,Upper middle income,2012,4.3622,26.36,2331,188.9615384615385,9140.928986115361,0.0,0.0,0.0,0.0799999999999983,0.0,0.0,Low
Tajikistan,TJK,Lower middle income,2012,6.2517,4.256,691,9.160574059030598,849.5190808317377,3.0,1.0,0.0,-1.0439999999999996,0.0,4.5,Medium
Thailand,THA,Upper middle income,2012,3.2144,27.19,1622,145.7115819387796,5403.878460362729,2.0,1.0,1.0,0.8300000000000018,0.0,5.0,Medium
Togo,TGO,Low income,2012,1.6724,27.01,1168,5.023018867924528,687.4954645714637,0.0,0.0,0.0,-0.259999999999998,0.0,0.0,Low
Turkmenistan,TKM,Upper middle income,2012,4.3575,16.18,161,155.513497794041,4761.079275980696,0.0,0.0,0.0,0.20999999999999908,0.0,0.0,Low
Uganda,UGA,Low income,2012,2.3043,22.69,1180,2.125217391304348,823.5804682854929,5.0,1.0,0.0,0.11000000000000298,0.0,6.5,High
Ukraine,UKR,Upper middle income,2012,6.1938,9.495,565,41.40875822621317,2426.92944335938,3.0,0.0,1.0,0.516,0.0,4.5,Medium
Uzbekistan,UZB,Lower middle income,2012,4.268899999999999,12.36,206,211.3861748900831,2395.840367557283,0.0,0.0,0.0,-0.33000000000000007,0.0,0.0,Low
Zambia,ZMB,Lower middle income,2012,1.7255,22.01,1020,37.62605263157895,1258.789385789964,1.0,0.0,0.0,0.16000000000000014,0.0,1.0,Low
Zimbabwe,ZWE,Lower middle income,2012,0.3791,21.22,657,18.00841086529822,1360.152300342752,0.0,0.0,0.0,0.259999999999998,0.0,0.0,Low
Afghanistan,AFG,Low income,2013,3.7268,9.752,327,4.882723185613359,580.6038333330962,6.0,4.0,0.0,1.1280000000000001,0.0,12.0,High
Algeria,DZA,Upper middle income,2013,1.7778,18.23,89,22.45137536351752,4543.234440067668,0.0,0.0,0.0,-0.4499999999999993,0.0,0.0,Low
Angola,AGO,Lower middle income,2013,1.2744,22.71,1010,9.369246646026832,3716.297187272817,1.0,1.0,0.0,0.120000000000001,0.0,2.5,Medium
Azerbaijan,AZE,Upper middle income,2013,2.2808,11.98,447,19.96260323066535,5425.995597805777,0.0,0.0,0.0,-0.3099999999999987,0.0,0.0,Low
Bangladesh,BGD,Lower middle income,2013,4.5142,25.3,2666,253.2806426535372,1103.156959071229,3.0,0.0,0.0,-0.029999999999997584,0.0,3.0,Medium
Belize,BLZ,Upper middle income,2013,5.222899999999999,25.88,1705,389.1153846153846,6013.078798953625,0.0,0.0,0.0,0.1999999999999993,0.0,0.0,Low
Benin,BEN,Lower middle income,2013,3.296,27.37,1039,5.001851851851852,982.3992062905163,3.0,1.0,0.0,0.1999999999999993,0.0,4.5,Medium
Bhutan,BTN,Lower middle income,2013,3.6985,10.75,2200,12.15568862275449,2671.074602011714,0.0,0.0,0.0,0.35999999999999943,0.0,0.0,Low
Brazil,BRA,Upper middle income,2013,5.0071,24.59,1761,265.5677842018321,9366.738246702393,6.0,5.0,0.0,-0.120000000000001,0.0,13.5,High
Burkina Faso,BFA,Low income,2013,2.1993,28.77,748,14.14881345216701,616.7413311640822,1.0,1.0,0.0,0.23000000000000043,0.0,2.5,Medium
Burundi,BDI,Low income,2013,1.913,20.58,1274,10.59013282732448,259.3111172033546,0.0,0.0,0.0,0.21999999999999886,0.0,0.0,Low
Cambodia,KHM,Lower middle income,2013,3.1627,27.81,1904,24.23080642293721,1376.295575959256,1.0,1.0,0.0,-0.28000000000000114,0.0,2.5,Medium
Cameroon,CMR,Lower middle income,2013,1.1641,24.47,1604,10.05822580645161,1347.213063670599,1.0,1.0,0.0,0.14999999999999858,0.0,2.5,Medium
Chad,TCD,Low income,2013,1.7377,28.58,322,4.0186,1008.617114292939,0.0,0.0,0.0,0.639999999999997,0.0,0.0,Low
China,CHN,Upper middle income,2013,6.71,12.91,645,458.5161554761573,7198.068764781617,43.0,14.0,1.0,0.6500000000000004,0.0,65.5,High
Colombia,COL,Upper middle income,2013,3.8448,23.02,3240,612.0073153297509,5910.805923011661,3.0,1.0,0.0,0.16999999999999815,0.0,4.5,Medium
Comoros,COM,Lower middle income,2013,0.3,25.62,900,0.1384615384615385,1343.545117104701,0.0,0.0,0.0,0.10000000000000142,0.0,0.0,Low
Cuba,CUB,Upper middle income,2013,3.4,25.58,1335,45.35039918894944,7307.820044107413,1.0,1.0,0.0,0.3299999999999983,0.0,2.5,Medium
Dominican Republic,DOM,Upper middle income,2013,4.5123,24.13,1410,76.77935240984147,6075.033999727373,1.0,1.0,0.0,0.14999999999999858,0.0,2.5,Medium
Ecuador,ECU,Upper middle income,2013,3.0653,20.9,2274,236.1716917922948,5893.321726830364,4.0,1.0,1.0,-0.20000000000000284,0.0,7.0,High
El Salvador,SLV,Upper middle income,2013,6.1615,26.01,1784,151.1759517859768,3665.154732705805,1.0,0.0,0.0,0.15000000000000213,0.0,1.0,Low
Eswatini,SWZ,Lower middle income,2013,3.3791,19.23,788,60.35593220338983,3332.119839279124,0.0,0.0,0.0,-0.41000000000000014,0.0,0.0,Low
Fiji,FJI,Upper middle income,2013,3.1967,24.6,2592,83.05637982195846,4630.351265447177,0.0,0.0,0.0,0.33999999999999986,0.0,0.0,Low
Gabon,GAB,Upper middle income,2013,2.7419,24.93,1831,10.13846153846154,6938.257538622355,0.0,0.0,0.0,0.120000000000001,0.0,0.0,Low
Ghana,GHA,Lower middle income,2013,2.6378,27.35,1187,27.1535150705348,1718.597047699585,2.0,1.0,0.0,0.1700000000000017,0.0,3.5,Medium
Guatemala,GTM,Upper middle income,2013,2.9387,22.37,1996,207.0058013052937,3717.30462628413,2.0,0.0,0.0,0.2699999999999996,0.0,2.0,Low
Guinea,GIN,Lower middle income,2013,1.25,25.87,1651,2.095264570101246,729.833143236326,2.0,1.0,0.0,0.26000000000000156,0.0,3.5,Medium
Haiti,HTI,Lower middle income,2013,2.8789,25.37,1440,10.64830508474576,1392.382047368593,1.0,1.0,0.0,0.26000000000000156,0.0,2.5,Medium
Honduras,HND,Lower middle income,2013,3.7611,23.76,1976,123.9646365422397,2205.401267280672,1.0,0.0,0.0,0.33999999999999986,0.0,1.0,Low
India,IND,Lower middle income,2013,3.6165,22.47,1083,156.4956980861917,1399.453798028703,12.0,5.0,0.0,-0.030000000000001137,0.0,19.5,High
Indonesia,IDN,Upper middle income,2013,5.1668,25.49,2702,303.5337469156882,3055.242460064688,16.0,10.0,0.0,0.11999999999999744,0.0,31.0,High
Iraq,IRQ,Upper middle income,2013,4.7162,23.0,216,50.62481511914544,4504.826875373541,1.0,1.0,0.0,-0.6600000000000001,0.0,2.5,Medium
Jamaica,JAM,Upper middle income,2013,4.2,25.8,2051,83.15,5289.884385461113,0.0,0.0,0.0,0.240000000000002,0.0,0.0,Low
Kazakhstan,KAZ,Upper middle income,2013,3.85,7.773,250,2.888581955250436,9959.725869305339,0.0,0.0,0.0,1.6280000000000001,0.0,0.0,Low
Kenya,KEN,Lower middle income,2013,3.9955,22.7,630,50.96446598963993,1413.941425225826,4.0,4.0,0.0,-0.129999999999999,0.0,10.0,High
Liberia,LBR,Low income,2013,1.2063,25.21,2391,11.274,717.0072803589749,0.0,0.0,0.0,0.25,0.0,0.0,Low
Madagascar,MDG,Low income,2013,3.5607,22.0,1513,4.8,440.6746589036283,3.0,0.0,0.0,-0.010000000000001563,0.0,3.0,Medium
Malawi,MWI,Low income,2013,1.9174,22.42,1181,29.25811001410437,525.3576455165572,1.0,1.0,0.0,0.05000000000000071,0.0,2.5,Medium
Malaysia,MYS,Upper middle income,2013,3.8763,26.42,2875,1985.86520493335,8964.807248962034,1.0,1.0,0.0,0.20000000000000284,0.0,2.5,Medium
Mali,MLI,Low income,2013,3.0009,28.78,282,13.69800820152314,788.8194482057492,2.0,2.0,0.0,0.4400000000000013,0.0,5.0,Medium
Mauritania,MRT,Lower middle income,2013,4.952199999999999,28.77,92,8.115555555555556,1502.90142381083,1.0,1.0,0.0,0.5599999999999987,0.0,2.5,Medium
Mauritius,MUS,Upper middle income,2013,2.125,24.54,2041,248.1466666666667,8973.515500995332,1.0,1.0,0.0,0.21000000000000085,0.0,2.5,Medium
Mexico,MEX,Upper middle income,2013,5.4252,20.78,758,92.14494686763594,9738.710598036585,5.0,1.0,0.0,-0.17999999999999972,0.0,6.5,High
Morocco,MAR,Lower middle income,2013,7.5433,18.08,346,63.59178149606299,3008.185546875,0.0,0.0,0.0,-0.11000000000000298,0.0,0.0,Low
Mozambique,MOZ,Low income,2013,0.538,23.64,1032,5.910973451327433,559.3939536856878,2.0,1.0,0.0,-0.18999999999999773,0.0,3.5,Medium
Myanmar,MMR,Lower middle income,2013,3.8538,24.77,2091,19.53137764574824,1024.690604746582,2.0,1.0,0.0,-0.019999999999999574,0.0,3.5,Medium
Nepal,NPL,Lower middle income,2013,3.3942,13.2,1500,54.87484656931491,801.0390608478565,3.0,2.0,0.0,0.34999999999999964,0.0,6.0,High
Nicaragua,NIC,Lower middle income,2013,4.968,25.81,2280,34.44244843646041,1941.456285526257,2.0,1.0,0.0,0.259999999999998,0.0,3.5,Medium
Niger,NER,Low income,2013,4.0379,28.75,151,0.6371428571428571,469.6902142008783,2.0,2.0,0.0,0.3000000000000007,0.0,5.0,Medium
Nigeria,NGA,Lower middle income,2013,1.9845,26.94,1150,8.509130265860021,2495.341065737488,1.0,1.0,0.0,0.17999999999999972,0.0,2.5,Medium
North Macedonia,MKD,Upper middle income,2013,5.9916,11.96,619,69.60532687651332,4863.680886669677,1.0,1.0,0.0,0.14000000000000057,0.0,2.5,Medium
Pakistan,PAK,Lower middle income,2013,3.7528,22.95,494,135.7025927141451,1309.70080446386,5.0,2.0,0.0,0.9229999999999983,0.0,8.0,High
Papua New Guinea,PNG,Lower middle income,2013,2.0448,22.51,3142,98.76666666666667,2162.105925955907,1.0,1.0,0.0,0.15000000000000213,0.0,2.5,Medium
Paraguay,PRY,Upper middle income,2013,6.3,22.31,1130,109.7101464176188,5583.12274473566,3.0,1.0,1.0,-0.9700000000000024,0.0,6.0,High
Peru,PER,Upper middle income,2013,7.7112,15.74,1738,103.31479222762,6021.461427652321,5.0,2.0,0.0,-0.10999999999999943,0.0,8.0,High
Philippines,PHL,Lower middle income,2013,3.8852,26.21,2348,155.8749552772809,2654.415069339782,14.0,5.0,0.0,0.10000000000000142,0.0,21.5,High
Rwanda,RWA,Low income,2013,5.3362,19.47,1212,10.47660586835845,666.408788783175,0.0,0.0,0.0,0.3200000000000003,0.0,0.0,Low
Senegal,SEN,Lower middle income,2013,4.0181,27.64,686,12.00606060606061,1147.385921719102,1.0,1.0,0.0,0.08000000000000185,0.0,2.5,Medium
Sierra Leone,SLE,Low income,2013,1.87,25.83,2526,1.982129889811511,1146.819734564755,1.0,0.0,0.0,0.259999999999998,0.0,1.0,Low
Solomon Islands,SLB,Lower middle income,2013,2.039,26.36,3028,52.77272727272727,2136.721161770341,3.0,1.0,0.0,0.09999999999999787,0.0,4.5,Medium
South Africa,ZAF,Upper middle income,2013,2.6087,17.78,495,67.5,6170.876708633726,1.0,0.0,0.0,0.10000000000000142,0.0,1.0,Low
Sri Lanka,LKA,Lower middle income,2013,3.8897,26.56,1712,173.9853846153846,3728.935866478483,3.0,2.0,0.0,-0.16000000000000014,0.0,6.0,High
Sudan,SDN,Low income,2013,4.959,28.55,250,2.61245486382029,1283.45922851563,1.0,1.0,0.0,0.379999999999999,0.0,2.5,Medium
Suriname,SUR,Upper middle income,2013,4.4965,26.12,2331,170.85,9303.460087758094,0.0,0.0,0.0,-0.23999999999999844,0.0,0.0,Low
Tajikistan,TJK,Lower middle income,2013,6.6592,5.792,691,12.49155185859111,889.8823830999792,1.0,0.0,0.0,1.5359999999999996,0.0,1.0,Low
Thailand,THA,Upper middle income,2013,3.1931,26.9,1622,161.546190362147,5516.611641641345,3.0,3.0,0.0,-0.2900000000000027,0.0,7.5,High
Togo,TGO,Low income,2013,1.817,27.18,1168,11.72490566037736,709.09186114976,1.0,0.0,0.0,0.16999999999999815,0.0,1.0,Low
Turkmenistan,TKM,Upper middle income,2013,4.2778,17.08,161,206.7186234492081,5131.167364629986,0.0,0.0,0.0,0.8999999999999986,0.0,0.0,Low
Uganda,UGA,Low income,2013,2.3011,22.68,1180,2.441594202898551,828.9886697299859,4.0,1.0,0.0,-0.010000000000001563,0.0,5.5,High
Ukraine,UKR,Upper middle income,2013,5.9938,9.808,565,45.57189492632028,2432.41625976563,1.0,1.0,0.0,0.3130000000000006,0.0,2.5,Medium
Uzbekistan,UZB,Lower middle income,2013,7.5773,13.65,206,232.7491985203453,2530.684478987035,0.0,0.0,0.0,1.290000000000001,0.0,0.0,Low
Zambia,ZMB,Lower middle income,2013,1.4151,22.3,1020,48.97216216216216,1280.770121767781,1.0,1.0,0.0,0.28999999999999915,0.0,2.5,Medium
Zimbabwe,ZWE,Lower middle income,2013,0.3999,21.02,657,25.30465383690269,1367.818316894634,2.0,1.0,1.0,-0.1999999999999993,0.0,5.0,Medium
Afghanistan,AFG,Low income,2014,3.6432,9.4,327,10.16613048513705,575.1462458085464,3.0,2.0,0.0,-0.3520000000000003,0.0,6.0,High
Algeria,DZA,Upper middle income,2014,1.7778,19.05,89,25.50405655072696,4634.101491799524,1.0,0.0,0.0,0.8200000000000003,0.0,1.0,Low
Angola,AGO,Lower middle income,2014,1.4064,22.77,1010,9.056087824351298,3746.816199786131,0.0,0.0,0.0,0.05999999999999872,0.0,0.0,Low
Azerbaijan,AZE,Upper middle income,2014,2.4646,12.39,447,31.75188165066182,5508.602656126762,0.0,0.0,0.0,0.41000000000000014,0.0,0.0,Low
Bangladesh,BGD,Lower middle income,2014,4.5572,25.45,2666,278.1322249642811,1159.407534759807,4.0,2.0,0.0,0.14999999999999858,0.0,7.0,High
Belize,BLZ,Upper middle income,2014,4.6309,25.71,1705,374.2051282051282,6116.49578852783,0.0,0.0,0.0,-0.16999999999999815,0.0,0.0,Low
Benin,BEN,Lower middle income,2014,3.1393,27.31,1039,8.086296296296297,1014.433006213505,0.0,0.0,0.0,-0.060000000000002274,0.0,0.0,Low
Bhutan,BTN,Lower middle income,2014,3.7635,10.75,2200,14.20159680638723,2797.818839719079,0.0,0.0,0.0,0.0,0.0,0.0,Low
Brazil,BRA,Upper middle income,2014,5.2013,24.67,1761,285.0605250950923,9338.341708409847,5.0,4.0,1.0,0.08000000000000185,0.0,12.5,High
Burkina Faso,BFA,Low income,2014,2.4088,28.85,748,13.80792983389271,624.5768851876654,1.0,0.0,1.0,0.08000000000000185,0.0,2.5,Medium
Burundi,BDI,Low income,2014,2.8393,20.7,1274,12.00647548566142,261.2967217520021,1.0,1.0,0.0,0.120000000000001,0.0,2.5,Medium
Cambodia,KHM,Lower middle income,2014,3.0782,27.79,1904,26.93618031511785,1464.531158669268,1.0,1.0,0.0,-0.019999999999999574,0.0,2.5,Medium
Cameroon,CMR,Lower middle income,2014,1.2076,24.44,1604,9.621129032258064,1381.819384549067,3.0,1.0,0.0,-0.029999999999997584,0.0,4.5,Medium
Chad,TCD,Low income,2014,1.5699,28.28,322,4.098076923076923,993.3211577083953,0.0,0.0,0.0,-0.29999999999999716,0.0,0.0,Low
China,CHN,Upper middle income,2014,6.8095,12.92,645,477.5792777183311,7686.577929543814,41.0,13.0,2.0,0.009999999999999787,0.0,63.5,High
Colombia,COL,Upper middle income,2014,4.018,23.16,3240,699.0904554453907,6121.839820198248,5.0,4.0,0.0,0.14000000000000057,0.0,11.0,High
Comoros,COM,Lower middle income,2014,0.2991,25.76,900,0.01538461538461539,1342.328024213636,2.0,0.0,0.0,0.14000000000000057,0.0,2.0,Low
Cuba,CUB,Upper middle income,2014,3.4085,25.57,1335,54.86678950896544,7392.483246330271,0.0,0.0,0.0,-0.00999999999999801,0.0,0.0,Low
Dominican Republic,DOM,Upper middle income,2014,5.0167,24.31,1410,92.9117961337159,6430.278110513385,1.0,1.0,0.0,0.17999999999999972,0.0,2.5,Medium
Ecuador,ECU,Upper middle income,2014,3.1271,21.28,2274,344.0164948453609,6055.041727614853,0.0,0.0,0.0,0.38000000000000256,0.0,0.0,Low
El Salvador,SLV,Upper middle income,2014,5.8935,26.17,1784,100.2076677316294,3713.94992016222,1.0,0.0,0.0,0.16000000000000014,0.0,1.0,Low
Eswatini,SWZ,Lower middle income,2014,3.3213,19.44,788,58.92655367231639,3381.792920712911,1.0,1.0,0.0,0.21000000000000085,0.0,2.5,Medium
Fiji,FJI,Upper middle income,2014,5.4802,24.21,2592,84.91279069767442,4883.243004362512,0.0,0.0,0.0,-0.39000000000000057,0.0,0.0,Low
Gabon,GAB,Upper middle income,2014,2.7769,24.91,1831,13.08,6998.605454395762,0.0,0.0,0.0,-0.019999999999999574,0.0,0.0,Low
Ghana,GHA,Lower middle income,2014,2.6964,27.29,1187,16.69546936767086,1726.369301346465,1.0,0.0,0.0,-0.060000000000002274,0.0,1.0,Low
Guatemala,GTM,Upper middle income,2014,3.0061,22.26,1996,196.9268879609314,3809.61587570091,5.0,1.0,1.0,-0.10999999999999943,0.0,8.0,High
Guinea,GIN,Lower middle income,2014,1.1654,25.8,1651,0.6904224519112709,738.2722744813078,1.0,0.0,0.0,-0.07000000000000028,0.0,1.0,Low
Haiti,HTI,Lower middle income,2014,2.7329,25.56,1440,19.0,1411.768348021537,3.0,1.0,1.0,0.18999999999999773,0.0,6.0,High
Honduras,HND,Lower middle income,2014,3.4201,23.71,1976,140.0176817288801,2229.247722322179,3.0,2.0,1.0,-0.05000000000000071,0.0,7.5,High
India,IND,Lower middle income,2014,3.59,22.64,1083,163.4980794181372,1484.316406829133,16.0,7.0,0.0,0.1700000000000017,0.0,26.5,High
Indonesia,IDN,Upper middle income,2014,5.147699999999999,25.53,2702,334.1158710822021,3170.721030114289,10.0,6.0,0.0,0.0400000000000027,0.0,19.0,High
Iraq,IRQ,Upper middle income,2014,5.1049,23.69,216,19.70416582813443,4446.973432348619,0.0,0.0,0.0,0.6900000000000013,0.0,0.0,Low
Jamaica,JAM,Upper middle income,2014,3.6667,25.91,2051,115.2833333333333,5307.191653808015,1.0,0.0,1.0,0.10999999999999943,0.0,2.5,Medium
Kazakhstan,KAZ,Upper middle income,2014,3.9573,5.845,250,3.952704766170572,10226.71005396829,1.0,1.0,0.0,-1.928,0.0,2.5,Medium
Kenya,KEN,Lower middle income,2014,3.9543,22.96,630,43.32162786565333,1450.593382022767,2.0,0.0,1.0,0.26000000000000156,0.0,3.5,Medium
Liberia,LBR,Low income,2014,1.1568,25.06,2391,11.218,707.157694930142,1.0,0.0,0.0,-0.15000000000000213,0.0,1.0,Low
Madagascar,MDG,Low income,2014,3.2519,22.17,1513,8.734333333333334,443.3438699082055,2.0,0.0,1.0,0.1700000000000017,0.0,3.5,Medium
Malawi,MWI,Low income,2014,1.9585,22.53,1181,39.76478755901139,539.562601918057,0.0,0.0,0.0,0.10999999999999943,0.0,0.0,Low
Malaysia,MYS,Upper middle income,2014,4.6292,26.43,2875,2263.397644977611,9341.730559712778,2.0,1.0,1.0,0.00999999999999801,0.0,5.0,Medium
Mali,MLI,Low income,2014,3.167,28.71,282,19.2248824283882,813.9756612852041,1.0,0.0,0.0,-0.07000000000000028,0.0,1.0,Low
Mauritania,MRT,Lower middle income,2014,5.1348,28.73,92,8.075555555555555,1520.646216349017,0.0,0.0,0.0,-0.03999999999999915,0.0,0.0,Low
Mauritius,MUS,Upper middle income,2014,2.8786,24.77,2041,313.2933333333334,9300.078786385826,0.0,0.0,0.0,0.23000000000000043,0.0,0.0,Low
Mexico,MEX,Upper middle income,2014,5.7122,20.81,758,90.46681106448266,9862.481254441987,8.0,0.0,0.0,0.029999999999997584,0.0,8.0,High
Morocco,MAR,Lower middle income,2014,7.5,18.39,346,71.3505939929747,3051.458984375,3.0,1.0,0.0,0.3100000000000023,0.0,4.5,Medium
Mozambique,MOZ,Low income,2014,0.6906,23.71,1032,7.534159292035398,585.2667161339837,3.0,2.0,0.0,0.07000000000000028,0.0,6.0,High
Myanmar,MMR,Lower middle income,2014,3.9084,24.91,2091,24.34088387573965,1099.243877516049,2.0,2.0,0.0,0.14000000000000057,0.0,5.0,Medium
Nepal,NPL,Lower middle income,2014,3.3596,13.02,1500,68.96539366032322,846.6655417735989,6.0,3.0,0.0,-0.17999999999999972,0.0,10.5,High
Nicaragua,NIC,Lower middle income,2014,5.5764,25.97,2280,50.97604790419162,2006.648696465335,3.0,1.0,1.0,0.16000000000000014,0.0,6.0,High
Niger,NER,Low income,2014,4.0479,28.6,151,0.9992857142857143,482.7452474194604,4.0,1.0,0.0,-0.14999999999999858,0.0,5.5,High
Nigeria,NGA,Lower middle income,2014,2.1609,26.85,1150,8.957550047135806,2583.615569581399,3.0,1.0,0.0,-0.08999999999999986,0.0,4.5,Medium
North Macedonia,MKD,Upper middle income,2014,5.8949,11.97,619,72.20631067961165,5053.750012363666,1.0,0.0,0.0,0.009999999999999787,0.0,1.0,Low
Pakistan,PAK,Lower middle income,2014,3.6339,23.379,494,134.8541392904073,1343.307781210425,3.0,1.0,0.0,0.42900000000000205,0.0,4.5,Medium
Papua New Guinea,PNG,Lower middle income,2014,2.0536,22.44,3142,103.4984126984127,2391.357802816296,3.0,1.0,0.0,-0.07000000000000028,0.0,4.5,Medium
Paraguay,PRY,Upper middle income,2014,6.7,23.28,1130,125.1484042562282,5794.476446899848,2.0,2.0,0.0,0.9700000000000024,0.0,5.0,Medium
Peru,PER,Upper middle income,2014,7.5953,15.97,1738,105.9207147066957,6103.918647499693,5.0,3.0,0.0,0.23000000000000043,0.0,9.5,High
Philippines,PHL,Lower middle income,2014,4.0019,26.05,2348,157.3434704830054,2776.920059094785,13.0,3.0,0.0,-0.16000000000000014,0.0,17.5,High
Rwanda,RWA,Low income,2014,3.0594,19.46,1212,11.26651126651127,690.6103949443562,0.0,0.0,0.0,-0.00999999999999801,0.0,0.0,Low
Senegal,SEN,Lower middle income,2014,4.1417,27.58,686,11.38484848484848,1180.798710850501,2.0,0.0,1.0,-0.060000000000002274,0.0,3.5,Medium
Sierra Leone,SLE,Low income,2014,1.6234,25.68,2526,0.2512626262626262,1032.237893559046,1.0,0.0,0.0,-0.14999999999999858,0.0,1.0,Low
Solomon Islands,SLB,Lower middle income,2014,1.914,26.37,3028,18.17391304347826,2085.160672730859,1.0,1.0,0.0,0.010000000000001563,0.0,2.5,Medium
South Africa,ZAF,Upper middle income,2014,2.6664,17.8,495,66.49166666666666,6155.005894625161,2.0,1.0,0.0,0.019999999999999574,0.0,3.5,Medium
Sri Lanka,LKA,Lower middle income,2014,3.8377,26.61,1712,261.3146153846154,3929.920620321847,7.0,3.0,1.0,0.05000000000000071,0.0,13.0,High
Sudan,SDN,Low income,2014,1.6199,28.36,250,4.200591631203098,1307.3896484375,1.0,1.0,0.0,-0.19000000000000128,0.0,2.5,Medium
Suriname,SUR,Upper middle income,2014,4.4341,26.33,2331,195.0,9224.243784105467,0.0,0.0,0.0,0.2099999999999973,0.0,0.0,Low
Tajikistan,TJK,Lower middle income,2014,7.196,4.845,691,21.06848287928018,925.970961482804,2.0,2.0,0.0,-0.9470000000000001,0.0,5.0,Medium
Thailand,THA,Upper middle income,2014,3.0714,26.95,1622,156.825235592872,5541.465993618451,8.0,4.0,1.0,0.05000000000000071,0.0,15.5,High
Togo,TGO,Low income,2014,1.7633,27.17,1168,1.846037735849057,730.2910496112324,0.0,0.0,0.0,-0.00999999999999801,0.0,0.0,Low
Turkmenistan,TKM,Upper middle income,2014,4.2077,15.93,161,242.7885880769317,5533.035288465275,0.0,0.0,0.0,-1.1499999999999986,0.0,0.0,Low
Uganda,UGA,Low income,2014,2.4948,23.01,1180,1.82,845.9786647910992,0.0,0.0,0.0,0.33000000000000185,0.0,0.0,Low
Ukraine,UKR,Upper middle income,2014,4.9882,9.611,565,44.90814769606347,2308.6435546875,0.0,0.0,0.0,-0.19699999999999918,0.0,0.0,Low
Uzbekistan,UZB,Lower middle income,2014,7.2971,12.21,206,244.6619683481701,2659.990750952732,0.0,0.0,0.0,-1.4399999999999995,0.0,0.0,Low
Zambia,ZMB,Lower middle income,2014,1.4949,22.39,1020,51.83081081081081,1299.012417625041,1.0,1.0,0.0,0.08999999999999986,0.0,2.5,Medium
Zimbabwe,ZWE,Lower middle income,2014,0.3426,20.94,657,25.47178828976163,1381.254041258715,2.0,2.0,0.0,-0.0799999999999983,0.0,5.0,Medium
Afghanistan,AFG,Low income,2015,3.7317,9.999,327,13.32453316162267,565.5697304087512,7.0,1.0,0.0,0.5990000000000002,0.0,8.5,High
Algeria,DZA,Upper middle income,2015,1.7939,18.69,89,23.5322496348213,4685.059027290017,2.0,2.0,0.0,-0.35999999999999943,0.0,5.0,Medium
Angola,AGO,Lower middle income,2015,1.5068,22.97,1010,7.694829268292683,3641.72893919944,4.0,3.0,0.0,0.1999999999999993,0.0,8.5,High
Azerbaijan,AZE,Upper middle income,2015,2.3696,12.28,447,50.96609382257316,5500.503646284862,0.0,0.0,0.0,-0.11000000000000121,0.0,0.0,Low
Bangladesh,BGD,Lower middle income,2015,4.5815,25.46,2666,297.8109411716206,1224.386476681652,8.0,2.0,0.0,0.010000000000001563,0.0,11.0,High
Belize,BLZ,Upper middle income,2015,4.2422,26.22,1705,382.4886363636364,6154.622642303688,1.0,1.0,0.0,0.509999999999998,0.0,2.5,Medium
Benin,BEN,Lower middle income,2015,3.1285,27.44,1039,0.1333333333333333,1002.418868796138,0.0,0.0,0.0,0.13000000000000256,0.0,0.0,Low
Bhutan,BTN,Lower middle income,2015,4.0192,10.63,2200,14.76047904191617,2954.04081911097,0.0,0.0,0.0,-0.11999999999999922,0.0,0.0,Low
Brazil,BRA,Upper middle income,2015,5.7525,25.15,1761,234.9650940973623,8936.195588944402,6.0,4.0,0.0,0.4799999999999969,0.0,12.0,High
Burkina Faso,BFA,Low income,2015,2.2782,28.76,748,13.9079132902767,630.124750752312,1.0,1.0,0.0,-0.08999999999999986,0.0,2.5,Medium
Burundi,BDI,Low income,2015,1.1293,20.93,1274,9.027978339350181,254.4025852267877,2.0,1.0,0.0,0.23000000000000043,0.0,3.5,Medium
Cambodia,KHM,Lower middle income,2015,3.0849,28.32,1904,29.66743690678065,1547.320104443935,2.0,1.0,0.0,0.5300000000000011,0.0,3.5,Medium
Cameroon,CMR,Lower middle income,2015,1.2271,24.6,1604,13.59096774193548,1415.000097105685,2.0,1.0,0.0,0.16000000000000014,0.0,3.5,Medium
Chad,TCD,Low income,2015,1.4155,28.4,322,4.854230769230769,993.9907306108692,0.0,0.0,0.0,0.11999999999999744,0.0,0.0,Low
China,CHN,Upper middle income,2015,6.8863,13.11,645,465.6126796366004,8175.332850773929,36.0,12.0,1.0,0.1899999999999995,0.0,55.5,High
Colombia,COL,Upper middle income,2015,4.13,23.45,3240,667.5067412136684,6248.514905345122,5.0,1.0,1.0,0.28999999999999915,0.0,8.0,High
Comoros,COM,Lower middle income,2015,0.2975,25.9,900,0.1384615384615385,1329.37048235986,0.0,0.0,0.0,0.13999999999999702,0.0,0.0,Low
Cuba,CUB,Upper middle income,2015,3.7269,25.98,1335,44.3926070942695,7727.919972079983,2.0,1.0,1.0,0.41000000000000014,0.0,5.0,Medium
Dominican Republic,DOM,Upper middle income,2015,5.1705,24.62,1410,145.9393837764868,6800.953093954736,3.0,2.0,0.0,0.3100000000000023,0.0,6.0,High
Ecuador,ECU,Upper middle income,2015,3.5356,21.97,2274,254.812734082397,5976.159680565097,3.0,1.0,0.0,0.6899999999999977,0.0,4.5,Medium
El Salvador,SLV,Upper middle income,2015,6.3986,26.8,1784,116.8345530205194,3790.340891081616,3.0,1.0,1.0,0.629999999999999,0.0,6.0,High
Eswatini,SWZ,Lower middle income,2015,3.3671,20.47,788,56.5819209039548,3419.822765595284,0.0,0.0,0.0,1.0299999999999976,0.0,0.0,Low
Fiji,FJI,Upper middle income,2015,3.0,24.0,2592,125.2849002849003,5097.531068646955,1.0,0.0,1.0,-0.21000000000000085,0.0,2.5,Medium
Gabon,GAB,Upper middle income,2015,2.8346,25.02,1831,27.33846153846154,7047.126546343554,0.0,0.0,0.0,0.10999999999999943,0.0,0.0,Low
Ghana,GHA,Lower middle income,2015,2.75,27.51,1187,24.97416762509138,1722.772828336062,2.0,1.0,0.0,0.22000000000000242,0.0,3.5,Medium
Guatemala,GTM,Upper middle income,2015,2.9356,22.68,1996,199.5877551020408,3893.505332990682,4.0,2.0,0.0,0.41999999999999815,0.0,7.0,High
Guinea,GIN,Lower middle income,2015,1.2,25.89,1651,0.5903161862820948,747.3569667594476,2.0,1.0,0.0,0.08999999999999986,0.0,3.5,Medium
Haiti,HTI,Lower middle income,2015,2.8013,25.87,1440,8.044915254237289,1411.126847467965,3.0,1.0,0.0,0.3100000000000023,0.0,4.5,Medium
Honduras,HND,Lower middle income,2015,3.7336,24.18,1976,131.9076620825147,2271.202659803486,0.0,0.0,0.0,0.46999999999999886,0.0,0.0,Low
India,IND,Lower middle income,2015,3.6018,22.79,1083,171.0382129362649,1583.998159079848,22.0,10.0,1.0,0.14999999999999858,0.0,38.5,High
Indonesia,IDN,Upper middle income,2015,5.3588,25.64,2702,341.4969900732752,3288.222697255384,12.0,6.0,1.0,0.10999999999999943,0.0,22.5,High
Iraq,IRQ,Upper middle income,2015,4.477600000000001,23.82,216,15.56590863352787,4440.141892523674,2.0,1.0,0.0,0.129999999999999,0.0,3.5,Medium
Jamaica,JAM,Upper middle income,2015,4.5,26.17,2051,37.83333333333334,5339.307182568061,0.0,0.0,0.0,0.26000000000000156,0.0,0.0,Low
Kazakhstan,KAZ,Upper middle income,2015,4.275600000000001,7.552,250,4.295448479955136,10196.12262559821,1.0,1.0,0.0,1.7069999999999999,0.0,2.5,Medium
Kenya,KEN,Lower middle income,2015,3.9566,23.24,630,35.46385286418811,1489.11959777284,3.0,3.0,0.0,0.2799999999999976,0.0,7.5,High
Liberia,LBR,Low income,2015,1.2313,25.27,2391,11.032,692.590082351257,0.0,0.0,0.0,0.21000000000000085,0.0,0.0,Low
Madagascar,MDG,Low income,2015,3.2925,22.2,1513,7.531,445.3200694805676,3.0,1.0,0.0,0.029999999999997584,0.0,4.5,Medium
Malawi,MWI,Low income,2015,1.6946,22.87,1181,41.99945295404814,539.605363240686,4.0,1.0,1.0,0.33999999999999986,0.0,7.0,High
Malaysia,MYS,Upper middle income,2015,4.0223,26.62,2875,1896.163865698949,9648.679793752302,2.0,1.0,0.0,0.19000000000000128,0.0,3.5,Medium
Mali,MLI,Low income,2015,3.0586,28.67,282,24.46183735775742,838.1198694010295,1.0,1.0,0.0,-0.03999999999999915,0.0,2.5,Medium
Mauritania,MRT,Lower middle income,2015,4.9733,28.93,92,8.055555555555555,1554.948978717825,0.0,0.0,0.0,0.1999999999999993,0.0,0.0,Low
Mauritius,MUS,Upper middle income,2015,1.9324,24.83,2041,183.8266666666667,9630.543783750698,0.0,0.0,0.0,0.05999999999999872,0.0,0.0,Low
Mexico,MEX,Upper middle income,2015,5.8079,20.99,758,81.3232492743106,10021.23861188272,4.0,1.0,0.0,0.17999999999999972,0.0,5.5,High
Morocco,MAR,Lower middle income,2015,7.6173,18.48,346,70.49164365838368,3146.24780273438,0.0,0.0,0.0,0.08999999999999986,0.0,0.0,Low
Mozambique,MOZ,Low income,2015,0.5502,24.28,1032,4.558230088495575,610.5637747065892,1.0,1.0,0.0,0.5700000000000003,0.0,2.5,Medium
Myanmar,MMR,Lower middle income,2015,3.9339,24.89,2091,13.3206806303913,1166.733055479355,6.0,3.0,0.0,-0.019999999999999574,0.0,10.5,High
Nepal,NPL,Lower middle income,2015,3.1543,13.18,1500,77.08675400524626,875.5436354748624,4.0,0.0,0.0,0.16000000000000014,0.0,4.0,Medium
Nicaragua,NIC,Lower middle income,2015,6.6964,26.27,2280,57.85562208915503,2074.456206347306,1.0,1.0,0.0,0.3000000000000007,0.0,2.5,Medium
Niger,NER,Low income,2015,4.3427,28.14,151,0.4061904761904762,485.6625741752788,3.0,1.0,1.0,-0.46000000000000085,0.0,6.0,High
Nigeria,NGA,Lower middle income,2015,2.0742,27.01,1150,7.965842036734355,2585.733606717974,2.0,1.0,0.0,0.16000000000000014,0.0,3.5,Medium
North Macedonia,MKD,Upper middle income,2015,6.1238,11.77,619,66.2463768115942,5262.686719286744,2.0,2.0,0.0,-0.20000000000000107,0.0,5.0,Medium
Pakistan,PAK,Lower middle income,2015,3.724,23.75,494,137.4715789473684,1380.470208383172,10.0,6.0,0.0,0.37099999999999866,0.0,19.0,High
Papua New Guinea,PNG,Lower middle income,2015,2.067,22.41,3142,98.096875,2484.5963398603,3.0,1.0,1.0,-0.030000000000001137,0.0,6.0,High
Paraguay,PRY,Upper middle income,2015,6.7013,23.38,1130,114.281881580786,5879.337923087617,3.0,2.0,0.0,0.09999999999999787,0.0,6.0,High
Peru,PER,Upper middle income,2015,7.8884,16.4,1738,117.1523790595155,6231.711503388939,3.0,2.0,0.0,0.42999999999999794,0.0,6.0,High
Philippines,PHL,Lower middle income,2015,3.898,26.26,2348,139.42343470483,2909.858180103006,16.0,5.0,1.0,0.21000000000000085,0.0,25.0,High
Rwanda,RWA,Low income,2015,3.2259,19.79,1212,17.60869565217391,733.9986298824938,1.0,1.0,0.0,0.3299999999999983,0.0,2.5,Medium
Senegal,SEN,Lower middle income,2015,3.8194,27.55,686,14.21887824897401,1218.006135554377,0.0,0.0,0.0,-0.029999999999997584,0.0,0.0,Low
Sierra Leone,SLE,Low income,2015,1.441,25.83,2526,0.1066919191919192,964.5759808889885,1.0,1.0,0.0,0.14999999999999858,0.0,2.5,Medium
Solomon Islands,SLB,Lower middle income,2015,1.8797,26.31,3028,14.95652173913044,2045.477215266493,3.0,0.0,1.0,-0.060000000000002274,0.0,4.5,Medium
South Africa,ZAF,Upper middle income,2015,2.721,18.81,495,62.675,6112.273824859742,1.0,0.0,1.0,1.009999999999998,0.0,2.5,Medium
South Sudan,SSD,Low income,2015,0.9073,28.47,900,0.02443012786413697,1080.147186247654,1.0,0.0,0.0,0.0,0.0,1.0,Low
Sri Lanka,LKA,Lower middle income,2015,3.9794,26.67,1712,190.0953846153846,4057.715834623104,2.0,2.0,0.0,0.060000000000002274,0.0,5.0,Medium
Sudan,SDN,Low income,2015,6.3492,28.93,250,4.474384564204923,1292.37963867188,3.0,1.0,1.0,0.5700000000000003,0.0,6.0,High
Suriname,SUR,Upper middle income,2015,4.5309,26.42,2331,145.0461538461539,8813.61705392067,0.0,0.0,0.0,0.09000000000000341,0.0,0.0,Low
Tajikistan,TJK,Lower middle income,2015,7.2909,5.794,691,21.98721042471043,956.916310930656,4.0,2.0,0.0,0.9489999999999998,0.0,7.0,High
Thailand,THA,Upper middle income,2015,2.9189,27.32,1622,135.2521018340054,5688.853353978842,2.0,0.0,1.0,0.370000000000001,0.0,3.5,Medium
Togo,TGO,Low income,2015,1.7273,27.31,1168,3.326792452830189,751.0519875872484,1.0,0.0,0.0,0.13999999999999702,0.0,1.0,Low
Turkmenistan,TKM,Upper middle income,2015,4.480899999999999,16.79,161,300.5050414064682,5759.497903834004,0.0,0.0,0.0,0.8599999999999994,0.0,0.0,Low
Uganda,UGA,Low income,2015,2.5,23.24,1180,1.58695652173913,862.9346103558107,0.0,0.0,0.0,0.22999999999999687,0.0,0.0,Low
Ukraine,UKR,Upper middle income,2015,5.3427,10.28,565,43.17345537757437,2094.47387695313,0.0,0.0,0.0,0.6689999999999987,0.0,0.0,Low
Uzbekistan,UZB,Lower middle income,2015,6.0389,13.49,206,248.6921554070775,2803.190180217509,0.0,0.0,0.0,1.2799999999999994,0.0,0.0,Low
Zambia,ZMB,Lower middle income,2015,1.4248,22.43,1020,57.42162162162162,1295.877886800678,0.0,0.0,0.0,0.03999999999999915,0.0,0.0,Low
Zimbabwe,ZWE,Lower middle income,2015,0.3065,21.61,657,19.43335597591273,1387.126325950258,2.0,0.0,0.0,0.6699999999999982,0.0,2.0,Low
Afghanistan,AFG,Low income,2016,4.472300000000001,11.0,327,13.68016561004011,563.8723367231469,4.0,4.0,0.0,1.0009999999999994,0.0,10.0,High
Algeria,DZA,Upper middle income,2016,1.7827,19.17,89,21.0286053861322,4768.731400810268,0.0,0.0,0.0,0.4800000000000004,0.0,0.0,Low
Angola,AGO,Lower middle income,2016,1.5295,23.19,1010,6.635870581634562,3454.03317187119,4.0,4.0,0.0,0.22000000000000242,0.0,10.0,High
Azerbaijan,AZE,Upper middle income,2016,2.1538,11.72,447,44.21460730365182,5272.718171418611,0.0,0.0,0.0,-0.5599999999999987,0.0,0.0,Low
Bangladesh,BGD,Lower middle income,2016,4.6113,25.93,2666,288.2883576398378,1299.830913607923,4.0,1.0,0.0,0.46999999999999886,0.0,5.5,High
Belize,BLZ,Upper middle income,2016,4.7752,26.05,1705,413.2727272727273,6012.212969836682,1.0,0.0,0.0,-0.16999999999999815,0.0,1.0,Low
Benin,BEN,Lower middle income,2016,3.4174,27.77,1039,9.949642857142857,1006.03926633023,1.0,0.0,0.0,0.3299999999999983,0.0,1.0,Low
Bhutan,BTN,Lower middle income,2016,3.8796,11.33,2200,14.08,3173.367732174306,0.0,0.0,0.0,0.6999999999999993,0.0,0.0,Low
Brazil,BRA,Upper middle income,2016,5.464300000000001,25.04,1761,240.1819550235764,8577.842779696673,3.0,2.0,0.0,-0.10999999999999943,0.0,6.0,High
Burkina Faso,BFA,Low income,2016,2.2608,28.98,748,18.2653226974342,648.4204801760125,1.0,1.0,0.0,0.21999999999999886,0.0,2.5,Medium
Burundi,BDI,Low income,2016,2.3001,21.2,1274,15.24140969162996,258.0619708089462,1.0,0.0,0.0,0.2699999999999996,0.0,1.0,Low
Cambodia,KHM,Lower middle income,2016,3.2103,28.32,1904,21.29486475733876,1645.466715781259,1.0,0.0,1.0,0.0,0.0,2.5,Medium
Cameroon,CMR,Lower middle income,2016,2.11,24.84,1604,10.90370967741936,1435.618307278388,0.0,0.0,0.0,0.23999999999999844,0.0,0.0,Low
Chad,TCD,Low income,2016,1.4128,28.55,322,4.048679245283019,923.5658720479898,0.0,0.0,0.0,0.15000000000000213,0.0,0.0,Low
China,CHN,Upper middle income,2016,6.8563,13.17,645,480.0550717484046,8679.37704460133,33.0,12.0,1.0,0.0600000000000005,0.0,52.5,High
Colombia,COL,Upper middle income,2016,4.3323,23.51,3240,646.1449080246377,6316.070677825417,3.0,2.0,0.0,0.060000000000002274,0.0,6.0,High
Comoros,COM,Lower middle income,2016,0.2986,25.71,900,0.7076923076923077,1345.625557393058,0.0,0.0,0.0,-0.18999999999999773,0.0,0.0,Low
Cuba,CUB,Upper middle income,2016,3.6713,25.72,1335,33.24033186136759,7774.0698462623,1.0,0.0,0.0,-0.26000000000000156,0.0,1.0,Low
Dominican Republic,DOM,Upper middle income,2016,5.218,24.43,1410,154.7178426589478,7177.753764754883,3.0,2.0,0.0,-0.19000000000000128,0.0,6.0,High
Ecuador,ECU,Upper middle income,2016,3.3624,21.66,2274,345.4456967213115,5849.135879336722,4.0,2.0,0.0,-0.3099999999999987,0.0,7.0,High
El Salvador,SLV,Upper middle income,2016,6.9302,26.53,1784,96.11174134997164,3875.846913579542,0.0,0.0,0.0,-0.2699999999999996,0.0,0.0,Low
Eswatini,SWZ,Lower middle income,2016,3.257,20.35,788,51.81920903954802,3500.176888479416,1.0,0.0,1.0,-0.11999999999999744,0.0,2.5,Medium
Fiji,FJI,Upper middle income,2016,3.0,24.7,2592,106.0893854748603,5218.858234127478,2.0,0.0,0.0,0.6999999999999993,0.0,2.0,Low
Gabon,GAB,Upper middle income,2016,2.877,25.42,1831,31.83076923076923,6991.325144673602,0.0,0.0,0.0,0.40000000000000213,0.0,0.0,Low
Ghana,GHA,Lower middle income,2016,2.82,27.81,1187,22.29418005227022,1740.811019029283,2.0,1.0,0.0,0.29999999999999716,0.0,3.5,Medium
Guatemala,GTM,Upper middle income,2016,2.9807,22.68,1996,175.7350369872226,3924.778948370984,2.0,0.0,0.0,0.0,0.0,2.0,Low
Guinea,GIN,Lower middle income,2016,1.2658,26.16,1651,0.4816354000747816,807.2364210438877,0.0,0.0,0.0,0.2699999999999996,0.0,0.0,Low
Haiti,HTI,Lower middle income,2016,2.8518,25.55,1440,3.720338983050847,1416.748818796985,9.0,6.0,1.0,-0.3200000000000003,0.0,19.5,High
Honduras,HND,Lower middle income,2016,3.5809,24.1,1976,164.3153241650295,2315.72983058198,2.0,1.0,0.0,-0.0799999999999983,0.0,3.5,Medium
India,IND,Lower middle income,2016,3.7526,23.23,1083,166.0030578887773,1694.465349738247,16.0,8.0,0.0,0.4400000000000013,0.0,28.0,High
Indonesia,IDN,Upper middle income,2016,5.097300000000001,25.99,2702,332.6893895266236,3416.810051709715,15.0,10.0,0.0,0.34999999999999787,0.0,30.0,High
Iraq,IRQ,Upper middle income,2016,4.8056,23.72,216,28.96075669148722,4932.927291143899,0.0,0.0,0.0,-0.10000000000000142,0.0,0.0,Low
Jamaica,JAM,Upper middle income,2016,4.533300000000001,26.09,2051,57.24166666666667,5472.28314023034,1.0,0.0,0.0,-0.08000000000000185,0.0,1.0,Low
Kazakhstan,KAZ,Upper middle income,2016,4.748,7.387,250,3.84026826618807,10151.42331330196,0.0,0.0,0.0,-0.16500000000000004,0.0,0.0,Low
Kenya,KEN,Lower middle income,2016,3.4601,23.25,630,43.23073572714191,1517.97796057742,3.0,2.0,1.0,0.010000000000001563,0.0,7.5,High
Liberia,LBR,Low income,2016,1.1608,25.68,2391,14.588,668.0315131756014,1.0,1.0,0.0,0.41000000000000014,0.0,2.5,Medium
Madagascar,MDG,Low income,2016,3.0192,22.07,1513,5.989,451.1565943314605,1.0,0.0,1.0,-0.129999999999999,0.0,2.5,Medium
Malawi,MWI,Low income,2016,1.5604,23.01,1181,23.76885775862069,538.2219908109595,1.0,1.0,0.0,0.14000000000000057,0.0,2.5,Medium
Malaysia,MYS,Upper middle income,2016,3.9775,27.13,2875,1995.780979268396,9901.479601798123,4.0,4.0,0.0,0.509999999999998,0.0,10.0,High
Mali,MLI,Low income,2016,3.3318,29.13,282,29.42712276906436,860.7530755456903,1.0,1.0,0.0,0.4599999999999973,0.0,2.5,Medium
Mauritania,MRT,Lower middle income,2016,5.6639,29.2,92,10.65111111111111,1528.051522993754,0.0,0.0,0.0,0.2699999999999996,0.0,0.0,Low
Mauritius,MUS,Upper middle income,2016,2.1863,24.57,2041,273.2533333333333,9995.650286420714,0.0,0.0,0.0,-0.259999999999998,0.0,0.0,Low
Mexico,MEX,Upper middle income,2016,6.134600000000001,21.06,758,100.5254034668261,10100.50212140149,7.0,5.0,0.0,0.07000000000000028,0.0,14.5,High
Morocco,MAR,Lower middle income,2016,7.088100000000001,18.73,346,38.99112030166646,3124.42504882813,1.0,0.0,0.0,0.25,0.0,1.0,Low
Mozambique,MOZ,Low income,2016,0.4906,24.48,1032,4.567610619469026,620.7797149545554,4.0,2.0,1.0,0.1999999999999993,0.0,8.5,High
Myanmar,MMR,Lower middle income,2016,3.8794,25.09,2091,18.74333211545488,1225.379139726678,7.0,2.0,0.0,0.1999999999999993,0.0,10.0,High
Nepal,NPL,Lower middle income,2016,3.369,14.07,1500,78.94422563003246,875.188943730855,3.0,2.0,0.0,0.8900000000000006,0.0,6.0,High
Nicaragua,NIC,Lower middle income,2016,6.2456,26.24,2280,59.21756487025948,2140.144059416059,1.0,0.0,0.0,-0.030000000000001137,0.0,1.0,Low
Niger,NER,Low income,2016,4.4407,28.9,151,0.386,495.0174372160079,3.0,2.0,0.0,0.759999999999998,0.0,6.0,High
Nigeria,NGA,Lower middle income,2016,2.0037,27.22,1150,10.734949763348,2481.814903503262,4.0,1.0,0.0,0.2099999999999973,0.0,5.5,High
North Macedonia,MKD,Upper middle income,2016,4.919,11.77,619,79.31490384615384,5429.946783583586,2.0,1.0,0.0,0.0,0.0,3.5,Medium
Pakistan,PAK,Lower middle income,2016,3.7716,24.63,494,144.562955792191,1452.186582691766,9.0,7.0,0.0,0.879999999999999,0.0,19.5,High
Papua New Guinea,PNG,Lower middle income,2016,2.0777,22.86,3142,103.1165644171779,2557.094630300355,1.0,1.0,0.0,0.4499999999999993,0.0,2.5,Medium
Paraguay,PRY,Upper middle income,2016,6.6,22.2,1130,127.6032493371799,6041.958793673485,1.0,0.0,1.0,-1.1799999999999997,0.0,2.5,Medium
Peru,PER,Upper middle income,2016,7.7002,16.45,1738,118.4780707622762,6392.254749410137,4.0,1.0,0.0,0.05000000000000071,0.0,5.5,High
Philippines,PHL,Lower middle income,2016,3.869,26.62,2348,169.6250447227191,3076.337418675898,11.0,2.0,0.0,0.35999999999999943,0.0,14.0,High
Rwanda,RWA,Low income,2016,3.3067,20.22,1212,8.771739130434783,759.6062881551089,2.0,1.0,0.0,0.4299999999999997,0.0,3.5,Medium
Senegal,SEN,Lower middle income,2016,3.3537,27.91,686,19.10360110803324,1257.40906915928,1.0,1.0,0.0,0.35999999999999943,0.0,2.5,Medium
Sierra Leone,SLE,Low income,2016,1.1437,26.17,2526,1.84469696969697,1002.778622820128,0.0,0.0,0.0,0.3400000000000034,0.0,0.0,Low
Solomon Islands,SLB,Lower middle income,2016,1.9362,26.63,3028,96.78260869565217,2084.248457452252,2.0,0.0,0.0,0.3200000000000003,0.0,2.0,Low
South Africa,ZAF,Upper middle income,2016,2.7414,18.71,495,57.25,6095.295060428005,3.0,2.0,0.0,-0.09999999999999787,0.0,6.0,High
Sri Lanka,LKA,Lower middle income,2016,3.8728,27.22,1712,126.263358778626,4214.741179920849,2.0,1.0,1.0,0.5499999999999972,0.0,5.0,Medium
Sudan,SDN,Low income,2016,5.8824,29.02,250,9.382389011528085,1297.15454101563,2.0,1.0,0.0,0.08999999999999986,0.0,3.5,Medium
Suriname,SUR,Upper middle income,2016,4.4341,26.66,2331,217.7230769230769,8293.315530314065,0.0,0.0,0.0,0.23999999999999844,0.0,0.0,Low
Tajikistan,TJK,Lower middle income,2016,7.0534,6.451,691,11.53271028037383,997.3526145567084,2.0,1.0,0.0,0.657,0.0,3.5,Medium
Thailand,THA,Upper middle income,2016,2.8749,27.48,1622,146.9411939059814,5857.780529359259,4.0,3.0,0.0,0.16000000000000014,0.0,8.5,High
Togo,TGO,Low income,2016,1.6536,27.6,1168,13.67811320754717,763.2761853533017,0.0,0.0,0.0,0.2900000000000027,0.0,0.0,Low
Turkmenistan,TKM,Upper middle income,2016,4.3454,17.06,161,239.5545941220106,5977.838281138539,0.0,0.0,0.0,0.2699999999999996,0.0,0.0,Low
Uganda,UGA,Low income,2016,2.0098,23.69,1180,1.91072463768116,874.6483706392157,3.0,1.0,0.0,0.45000000000000284,0.0,4.5,Medium
Ukraine,UKR,Upper middle income,2016,5.3917,9.692,565,52.74743714913351,2156.0830078125,2.0,1.0,0.0,-0.5879999999999992,0.0,3.5,Medium
Uzbekistan,UZB,Lower middle income,2016,6.2956,13.99,206,253.7342948479667,2918.677258529029,0.0,0.0,0.0,0.5,0.0,0.0,Low
Zambia,ZMB,Lower middle income,2016,1.2077,22.6,1020,65.71486486486486,1303.575138691328,0.0,0.0,0.0,0.1700000000000017,0.0,0.0,Low
Zimbabwe,ZWE,Lower middle income,2016,0.3428,21.78,657,32.23995353685775,1378.342561923738,1.0,0.0,0.0,0.1700000000000017,0.0,1.0,Low
Afghanistan,AFG,Low income,2017,4.6148,10.73,327,20.45252630211716,562.7695741409875,5.0,1.0,0.0,-0.2699999999999996,0.0,6.5,High
Algeria,DZA,Upper middle income,2017,1.7939,19.0,89,20.84112170423996,4742.900755325293,1.0,0.0,0.0,-0.1700000000000017,0.0,1.0,Low
Angola,AGO,Lower middle income,2017,0.8637999999999999,22.99,1010,9.785968194574368,3328.898212410897,2.0,1.0,1.0,-0.20000000000000284,0.0,5.0,Medium
Azerbaijan,AZE,Upper middle income,2017,3.1189,12.01,447,36.67366913344473,5229.252599934125,0.0,0.0,0.0,0.28999999999999915,0.0,0.0,Low
Bangladesh,BGD,Lower middle income,2017,4.6374,25.58,2666,302.5427200336958,1373.753637401862,6.0,2.0,0.0,-0.3500000000000014,0.0,9.0,High
Belize,BLZ,Upper middle income,2017,4.720800000000001,25.93,1705,333.4333333333333,5767.619219637624,0.0,0.0,0.0,-0.120000000000001,0.0,0.0,Low
Benin,BEN,Lower middle income,2017,3.5295,27.62,1039,0.01536623295028767,1032.904711941824,0.0,0.0,0.0,-0.14999999999999858,0.0,0.0,Low
Bhutan,BTN,Lower middle income,2017,4.0745,11.25,2200,13.26984126984127,3211.809032755935,0.0,0.0,0.0,-0.08000000000000007,0.0,0.0,Low
Brazil,BRA,Upper middle income,2017,6.213100000000001,24.85,1761,275.9338976363832,8628.252096457234,2.0,1.0,0.0,-0.18999999999999773,0.0,3.5,Medium
Burkina Faso,BFA,Low income,2017,1.9721,28.82,748,14.98220111375059,669.2763103283327,2.0,1.0,0.0,-0.16000000000000014,0.0,3.5,Medium
Burundi,BDI,Low income,2017,1.7838,20.96,1274,18.33218588640275,261.725839288764,1.0,0.0,0.0,-0.23999999999999844,0.0,1.0,Low
Cambodia,KHM,Lower middle income,2017,3.2972,27.76,1904,39.7757444587118,1753.93530504662,0.0,0.0,0.0,-0.5599999999999987,0.0,0.0,Low
Cameroon,CMR,Lower middle income,2017,2.11,24.78,1604,13.02822580645161,1444.906829165733,1.0,1.0,0.0,-0.05999999999999872,0.0,2.5,Medium
Chad,TCD,Low income,2017,1.3797,28.47,322,5.247547169811321,879.0758954667178,2.0,0.0,1.0,-0.08000000000000185,0.0,3.5,Medium
China,CHN,Upper middle income,2017,6.912199999999999,13.27,645,460.4577548058835,9221.51403820573,30.0,12.0,1.0,0.09999999999999964,0.0,49.5,High
Colombia,COL,Upper middle income,2017,4.0808,23.22,3240,678.3821147889681,6309.677452925182,7.0,4.0,0.0,-0.2900000000000027,0.0,13.0,High
Comoros,COM,Lower middle income,2017,0.2989,25.86,900,0.09230769230769231,1369.41038262485,0.0,0.0,0.0,0.14999999999999858,0.0,0.0,Low
Cuba,CUB,Upper middle income,2017,3.6022,25.64,1335,34.24706044144949,7927.277694317665,1.0,0.0,0.0,-0.0799999999999983,0.0,1.0,Low
Dominican Republic,DOM,Upper middle income,2017,5.1898,24.3,1410,151.2695006775393,7379.399780671366,3.0,0.0,0.0,-0.129999999999999,0.0,3.0,Medium
Ecuador,ECU,Upper middle income,2017,3.7154,21.27,2274,369.9864472410455,6104.272535217513,0.0,0.0,0.0,-0.39000000000000057,0.0,0.0,Low
El Salvador,SLV,Upper middle income,2017,6.6108,26.17,1784,90.08829712683952,3954.840142775724,1.0,0.0,0.0,-0.35999999999999943,0.0,1.0,Low
Eswatini,SWZ,Lower middle income,2017,3.094,19.58,788,64.62146892655367,3596.236054004921,0.0,0.0,0.0,-0.7700000000000031,0.0,0.0,Low
Fiji,FJI,Upper middle income,2017,3.0,24.77,2592,118.041095890411,5500.678401523487,0.0,0.0,0.0,0.07000000000000028,0.0,0.0,Low
Gabon,GAB,Upper middle income,2017,2.7775,25.22,1831,60.62153846153846,6840.059593478019,0.0,0.0,0.0,-0.20000000000000284,0.0,0.0,Low
Ghana,GHA,Lower middle income,2017,2.9875,27.66,1187,38.24644308079348,1841.446361532492,2.0,1.0,0.0,-0.14999999999999858,0.0,3.5,Medium
Guatemala,GTM,Upper middle income,2017,2.9749,22.44,1996,206.2313829787234,3972.74057836068,7.0,4.0,0.0,-0.23999999999999844,0.0,13.0,High
Guinea,GIN,Lower middle income,2017,1.2171,26.29,1651,5.238094500798756,867.907502577607,2.0,1.0,0.0,0.129999999999999,0.0,3.5,Medium
Haiti,HTI,Lower middle income,2017,2.9211,25.39,1440,12.34406779661017,1432.672286095407,5.0,2.0,0.0,-0.16000000000000014,0.0,8.0,High
Honduras,HND,Lower middle income,2017,3.904,23.8,1976,184.5117878192534,2383.373984397137,4.0,3.0,0.0,-0.3000000000000007,0.0,8.5,High
India,IND,Lower middle income,2017,3.8117,23.08,1083,170.5692934346836,1788.697703184458,18.0,9.0,0.0,-0.15000000000000213,0.0,31.5,High
Indonesia,IDN,Upper middle income,2017,5.069,25.64,2702,374.4817808052955,3553.519992623214,12.0,7.0,0.0,-0.34999999999999787,0.0,22.5,High
Iraq,IRQ,Upper middle income,2017,4.8975,23.93,216,50.63654658885088,4736.327108098566,1.0,0.0,0.0,0.21000000000000085,0.0,1.0,Low
Jamaica,JAM,Upper middle income,2017,1.0,26.08,2051,66.28333333333333,5586.136572313298,1.0,0.0,0.0,-0.010000000000001563,0.0,1.0,Low
Kazakhstan,KAZ,Upper middle income,2017,4.6841,7.237,250,5.334592170482517,10404.2718646317,1.0,1.0,0.0,-0.14999999999999947,0.0,2.5,Medium
Kenya,KEN,Lower middle income,2017,2.6717,23.39,630,59.54572643581096,1542.337739733721,3.0,1.0,0.0,0.14000000000000057,0.0,4.5,Medium
Liberia,LBR,Low income,2017,1.0595,25.61,2391,18.578,671.2608998353553,0.0,0.0,0.0,-0.07000000000000028,0.0,0.0,Low
Madagascar,MDG,Low income,2017,2.8857,22.37,1513,12.99533333333333,456.8518595740305,3.0,0.0,1.0,0.3000000000000007,0.0,4.5,Medium
Malawi,MWI,Low income,2017,1.8662,22.66,1181,33.99362888239979,544.7957292203486,2.0,1.0,0.0,-0.3500000000000014,0.0,3.5,Medium
Malaysia,MYS,Upper middle income,2017,3.7496,26.56,2875,2011.316959687875,10293.76292053616,4.0,3.0,0.0,-0.5700000000000003,0.0,8.5,High
Mali,MLI,Low income,2017,3.526,29.06,282,20.92116018457482,878.5613483774335,0.0,0.0,0.0,-0.07000000000000028,0.0,0.0,Low
Mauritania,MRT,Lower middle income,2017,5.5582,29.12,92,13.56444444444444,1576.068578251617,2.0,0.0,1.0,-0.0799999999999983,0.0,3.5,Medium
Mauritius,MUS,Upper middle income,2017,2.8571,24.74,2041,257.6133333333333,10379.91387067323,0.0,0.0,0.0,0.16999999999999815,0.0,0.0,Low
Mexico,MEX,Upper middle income,2017,6.39,21.12,758,105.6214641852199,10193.77271934566,7.0,1.0,0.0,0.060000000000002274,0.0,8.5,High
Morocco,MAR,Lower middle income,2017,7.2005,19.28,346,60.40545737428861,3242.64428710938,2.0,0.0,0.0,0.5500000000000007,0.0,2.0,Low
Mozambique,MOZ,Low income,2017,0.5428999999999999,23.85,1032,5.13858407079646,618.3976943603338,2.0,0.0,0.0,-0.629999999999999,0.0,2.0,Low
Myanmar,MMR,Lower middle income,2017,3.8597,24.93,2091,38.73508353221957,1290.564090274579,2.0,1.0,0.0,-0.16000000000000014,0.0,3.5,Medium
Nepal,NPL,Lower middle income,2017,3.5058,13.74,1500,70.40186962832149,951.8572985636408,3.0,2.0,0.0,-0.33000000000000007,0.0,6.0,High
Nicaragua,NIC,Lower middle income,2017,6.2241,25.83,2280,85.47371922821024,2209.63273423213,2.0,1.0,0.0,-0.41000000000000014,0.0,3.5,Medium
Niger,NER,Low income,2017,4.7318,28.3,151,0.381638418079096,501.6153054629021,5.0,2.0,1.0,-0.5999999999999979,0.0,9.5,High
Nigeria,NGA,Lower middle income,2017,2.081,27.19,1150,20.29590707964602,2441.712364044882,4.0,2.0,0.0,-0.029999999999997584,0.0,7.0,High
North Macedonia,MKD,Upper middle income,2017,5.2169,11.66,619,68.98800959232614,5510.81862920922,1.0,0.0,0.0,-0.10999999999999943,0.0,1.0,Low
Pakistan,PAK,Lower middle income,2017,3.8526,24.172,494,152.4789490547901,1495.261875280324,6.0,2.0,0.0,-0.4579999999999984,0.0,9.0,High
Papua New Guinea,PNG,Lower middle income,2017,2.0906,22.63,3142,112.0636363636364,2584.888363627105,0.0,0.0,0.0,-0.23000000000000043,0.0,0.0,Low
Paraguay,PRY,Upper middle income,2017,6.6,23.28,1130,129.1526915447345,6243.133631390297,0.0,0.0,0.0,1.0800000000000018,0.0,0.0,Low
Peru,PER,Upper middle income,2017,7.3091,16.03,1738,143.5997151850299,6457.419402547214,3.0,3.0,0.0,-0.41999999999999815,0.0,7.5,High
Philippines,PHL,Lower middle income,2017,4.0061,26.25,2348,212.5987477638641,3247.450387836204,14.0,3.0,0.0,-0.370000000000001,0.0,18.5,High
Rwanda,RWA,Low income,2017,3.4499,19.84,1212,17.39487975174554,771.0692375135824,2.0,0.0,0.0,-0.379999999999999,0.0,2.0,Low
Senegal,SEN,Lower middle income,2017,3.3055,27.95,686,30.35445816186557,1312.109327760492,0.0,0.0,0.0,0.03999999999999915,0.0,0.0,Low
Sierra Leone,SLE,Low income,2017,1.1492,26.3,2526,4.546085858585859,1010.546940712073,1.0,0.0,0.0,0.129999999999999,0.0,1.0,Low
Solomon Islands,SLB,Lower middle income,2017,1.8733,26.52,3028,111.3478260869565,2075.367053023047,0.0,0.0,0.0,-0.10999999999999943,0.0,0.0,Low
South Africa,ZAF,Upper middle income,2017,2.7657,18.07,495,72.825,6125.692050749703,5.0,1.0,1.0,-0.6400000000000006,0.0,8.0,High
Sri Lanka,LKA,Lower middle income,2017,3.0103,26.75,1712,117.3935767307984,4436.00789945768,4.0,2.0,0.0,-0.46999999999999886,0.0,7.0,High
Sudan,SDN,Low income,2017,4.0816,29.06,250,8.338649931947538,1261.87353515625,2.0,1.0,0.0,0.03999999999999915,0.0,3.5,Medium
Suriname,SUR,Upper middle income,2017,4.8805,26.52,2331,243.2258064516129,8338.692354018622,0.0,0.0,0.0,-0.14000000000000057,0.0,0.0,Low
Tajikistan,TJK,Lower middle income,2017,7.8042,5.973,691,17.72168516529419,1042.263917576419,3.0,1.0,0.0,-0.47799999999999976,0.0,4.5,Medium
Thailand,THA,Upper middle income,2017,3.0172,27.01,1622,166.9883140356843,6076.743077000816,6.0,4.0,0.0,-0.46999999999999886,0.0,12.0,High
Togo,TGO,Low income,2017,1.665,27.49,1168,5.779245283018868,774.2748973474355,1.0,1.0,0.0,-0.11000000000000298,0.0,2.5,Medium
Turkmenistan,TKM,Upper middle income,2017,4.120100000000001,16.62,161,228.1233488441392,6222.555905588817,0.0,0.0,0.0,-0.4399999999999977,0.0,0.0,Low
Uganda,UGA,Low income,2017,1.5808,23.4,1180,2.062028985507246,871.0938800171507,1.0,1.0,0.0,-0.2900000000000027,0.0,2.5,Medium
Ukraine,UKR,Upper middle income,2017,5.0346,9.921,565,61.88264730113203,2217.7529296875,1.0,0.0,0.0,0.2289999999999992,0.0,1.0,Low
Uzbekistan,UZB,Lower middle income,2017,5.5467,13.17,206,254.295151996821,2995.767614377434,0.0,0.0,0.0,-0.8200000000000003,0.0,0.0,Low
Zambia,ZMB,Lower middle income,2017,1.2992,22.04,1020,72.05315789473684,1308.768292400855,1.0,0.0,0.0,-0.5600000000000023,0.0,1.0,Low
Zimbabwe,ZWE,Lower middle income,2017,0.3745,20.73,657,36.25066951693334,1422.919489469266,2.0,0.0,1.0,-1.0500000000000007,0.0,3.5,Medium
Afghanistan,AFG,Low income,2018,4.470899999999999,10.91,327,17.35219399538106,553.1251516882929,5.0,3.0,1.0,0.17999999999999972,0.0,11.0,High
Algeria,DZA,Upper middle income,2018,1.7901,18.36,89,20.75805261789041,4717.003588536104,1.0,1.0,0.0,-0.6400000000000006,0.0,2.5,Medium
Angola,AGO,Lower middle income,2018,1.1523,23.06,1010,7.122215983529852,3196.790069835574,2.0,1.0,0.0,0.07000000000000028,0.0,3.5,Medium
Azerbaijan,AZE,Upper middle income,2018,2.9684,12.83,447,60.67972734639401,5261.929382344318,0.0,0.0,0.0,0.8200000000000003,0.0,0.0,Low
Bangladesh,BGD,Lower middle income,2018,4.7136,25.35,2666,318.4668630907196,1462.250502557132,4.0,2.0,0.0,-0.22999999999999687,0.0,7.0,High
Belize,BLZ,Upper middle income,2018,4.9209,25.7,1705,419.9,5707.61059954436,0.0,0.0,0.0,-0.23000000000000043,0.0,0.0,Low
Benin,BEN,Lower middle income,2018,3.3977,27.46,1039,30.03729286288814,1071.504521569318,0.0,0.0,0.0,-0.16000000000000014,0.0,0.0,Low
Bhutan,BTN,Lower middle income,2018,4.2362,10.72,2200,21.27659574468085,3300.550064617359,0.0,0.0,0.0,-0.5299999999999994,0.0,0.0,Low
Brazil,BRA,Upper middle income,2018,6.307399999999999,24.65,1761,293.9912985754781,8722.335299709883,3.0,2.0,0.0,-0.20000000000000284,0.0,6.0,High
Burkina Faso,BFA,Low income,2018,2.177,28.87,748,14.2398771205019,694.4928131263506,0.0,0.0,0.0,0.05000000000000071,0.0,0.0,Low
Burundi,BDI,Low income,2018,1.7926,20.61,1274,24.00084104289319,267.5086921726874,3.0,3.0,0.0,-0.3500000000000014,0.0,7.5,High
Cambodia,KHM,Lower middle income,2018,3.3534,27.88,1904,42.19273202566643,1884.28374817086,1.0,1.0,0.0,0.11999999999999744,0.0,2.5,Medium
Cameroon,CMR,Lower middle income,2018,2.6406,24.66,1604,13.38548387096774,1461.019699993169,1.0,0.0,0.0,-0.120000000000001,0.0,1.0,Low
Chad,TCD,Low income,2018,1.3967,28.48,322,4.84433962264151,898.8347940073988,1.0,0.0,0.0,0.010000000000001563,0.0,1.0,Low
China,CHN,Upper middle income,2018,7.028,13.03,645,442.5532465651757,9798.652852331597,22.0,8.0,0.0,-0.2400000000000002,0.0,34.0,High
Colombia,COL,Upper middle income,2018,4.3922,23.06,3240,514.170464196919,6353.546428539201,2.0,2.0,0.0,-0.16000000000000014,0.0,5.0,Medium
Comoros,COM,Lower middle income,2018,0.2978,25.71,900,1.138461538461538,1391.846204610116,0.0,0.0,0.0,-0.14999999999999858,0.0,0.0,Low
Cuba,CUB,Upper middle income,2018,3.4466,25.59,1335,25.57381558137936,8120.43123558256,2.0,0.0,0.0,-0.05000000000000071,0.0,2.0,Low
Dominican Republic,DOM,Upper middle income,2018,5.0116,24.23,1410,261.9507987859744,7818.70593240469,2.0,1.0,0.0,-0.07000000000000028,0.0,3.5,Medium
Ecuador,ECU,Upper middle income,2018,3.6316,21.15,2274,428.7985537190083,6063.095617877599,0.0,0.0,0.0,-0.120000000000001,0.0,0.0,Low
El Salvador,SLV,Upper middle income,2018,6.397699999999999,26.3,1784,114.9625520110957,4046.162917205832,3.0,1.0,1.0,0.129999999999999,0.0,6.0,High
Eswatini,SWZ,Lower middle income,2018,3.3333,19.53,788,81.02824858757062,3565.54285067501,0.0,0.0,0.0,-0.04999999999999716,0.0,0.0,Low
Fiji,FJI,Upper middle income,2018,3.0004,24.62,2592,84.71774193548387,5720.214471771094,2.0,0.0,0.0,-0.14999999999999858,0.0,2.0,Low
Gabon,GAB,Upper middle income,2018,2.8134,25.13,1831,44.15076923076923,6724.596142910797,0.0,0.0,0.0,-0.08999999999999986,0.0,0.0,Low
Ghana,GHA,Lower middle income,2018,3.735,27.53,1187,27.55025754396932,1915.453232378098,1.0,1.0,0.0,-0.129999999999999,0.0,2.5,Medium
Guatemala,GTM,Upper middle income,2018,2.9739,22.32,1996,211.3155818540434,4040.212137119804,4.0,2.0,1.0,-0.120000000000001,0.0,8.5,High
Guinea,GIN,Lower middle income,2018,1.2581,26.09,1651,4.102961974901886,899.9073280451746,0.0,0.0,0.0,-0.1999999999999993,0.0,0.0,Low
Haiti,HTI,Lower middle income,2018,1.108,25.45,1440,45.97033898305084,1437.352519283492,1.0,0.0,0.0,0.05999999999999872,0.0,1.0,Low
Honduras,HND,Lower middle income,2018,3.9512,23.68,1976,205.4125736738703,2430.135036577622,2.0,1.0,1.0,-0.120000000000001,0.0,5.0,Medium
India,IND,Lower middle income,2018,3.9761,22.79,1083,176.0712126474485,1883.357727050616,23.0,9.0,1.0,-0.28999999999999915,0.0,38.0,High
Indonesia,IDN,Upper middle income,2018,5.2031,25.65,2702,388.9456342382197,3701.321554619118,15.0,6.0,0.0,0.00999999999999801,0.0,24.0,High
Iraq,IRQ,Upper middle income,2018,3.3556,24.27,216,55.17669551217548,4749.009218368956,1.0,1.0,0.0,0.33999999999999986,0.0,2.5,Medium
Kazakhstan,KAZ,Upper middle income,2018,4.759,5.975,250,4.053717897001479,10670.21201482792,1.0,1.0,0.0,-1.2620000000000005,0.0,2.5,Medium
Kenya,KEN,Lower middle income,2018,4.3367,22.73,630,42.43364689581897,1596.69045914945,3.0,3.0,0.0,-0.6600000000000001,0.0,7.5,High
Liberia,LBR,Low income,2018,1.0836,25.45,2391,17.514,665.8754396371369,0.0,0.0,0.0,-0.16000000000000014,0.0,0.0,Low
Madagascar,MDG,Low income,2018,2.723,22.1,1513,12.601,459.3303677995432,3.0,0.0,0.0,-0.2699999999999996,0.0,3.0,Medium
Malawi,MWI,Low income,2018,1.7557,22.62,1181,34.31702851164007,553.528790902088,3.0,3.0,0.0,-0.03999999999999915,0.0,7.5,High
Malaysia,MYS,Upper middle income,2018,3.7704,26.56,2875,1953.725266869419,10610.19502404791,2.0,2.0,0.0,0.0,0.0,5.0,Medium
Mali,MLI,Low income,2018,3.2671,29.01,282,20.41252894262928,892.9783227914181,1.0,1.0,0.0,-0.04999999999999716,0.0,2.5,Medium
Mauritania,MRT,Lower middle income,2018,5.1369,28.27,92,12.78666666666667,1602.902256490725,1.0,0.0,1.0,-0.8500000000000014,0.0,2.5,Medium
Mauritius,MUS,Upper middle income,2018,1.4615,24.65,2041,187.12,10789.92415211323,1.0,0.0,0.0,-0.08999999999999986,0.0,1.0,Low
Mexico,MEX,Upper middle income,2018,6.284800000000001,20.89,758,105.6563819095477,10296.86909285339,4.0,1.0,0.0,-0.23000000000000043,0.0,5.5,High
Morocco,MAR,Lower middle income,2018,7.791,17.6,346,63.36323894720991,3304.7119140625,1.0,0.0,0.0,-1.6799999999999997,0.0,1.0,Low
Mozambique,MOZ,Low income,2018,0.5275,24.05,1032,6.711150442477877,621.1537341947873,2.0,1.0,0.0,0.1999999999999993,0.0,3.5,Medium
Myanmar,MMR,Lower middle income,2018,3.9187,24.68,2091,49.34830284378582,1361.568312659854,5.0,3.0,0.0,-0.25,0.0,9.5,High
Nepal,NPL,Lower middle income,2018,3.7607,13.39,1500,94.94190974958448,1021.914922040114,2.0,1.0,0.0,-0.34999999999999964,0.0,3.5,Medium
Nicaragua,NIC,Lower middle income,2018,6.28,25.8,2280,58.2787757817698,2107.339626162301,2.0,1.0,1.0,-0.029999999999997584,0.0,5.0,Medium
Niger,NER,Low income,2018,3.3917,28.55,151,0.6947457627118644,519.5469934838859,2.0,1.0,0.0,0.25,0.0,3.5,Medium
Nigeria,NGA,Lower middle income,2018,2.067,26.99,1150,18.84129599121362,2431.778578325676,3.0,2.0,0.0,-0.20000000000000284,0.0,6.0,High
North Macedonia,MKD,Upper middle income,2018,6.1241,12.18,619,60.84688995215311,5698.393344844888,0.0,0.0,0.0,0.5199999999999996,0.0,0.0,Low
Pakistan,PAK,Lower middle income,2018,3.8427,23.834,494,152.7236200256739,1561.681698195586,2.0,1.0,0.0,-0.33800000000000097,0.0,3.5,Medium
Papua New Guinea,PNG,Lower middle income,2018,2.1019,22.63,3142,122.2454545454545,2518.458993173212,4.0,0.0,0.0,0.0,0.0,4.0,Medium
Paraguay,PRY,Upper middle income,2018,6.3,22.6,1130,133.2663407829875,6354.239200531601,2.0,2.0,0.0,-0.6799999999999997,0.0,5.0,Medium
Peru,PER,Upper middle income,2018,8.1242,15.66,1738,113.5333376503631,6593.144374595259,1.0,0.0,0.0,-0.370000000000001,0.0,1.0,Low
Philippines,PHL,Lower middle income,2018,3.9718,26.36,2348,169.0010733452594,3410.936479761091,11.0,1.0,0.0,0.10999999999999943,0.0,12.5,High
Rwanda,RWA,Low income,2018,3.4741,19.52,1212,14.92550607287449,817.578437300032,4.0,3.0,0.0,-0.3200000000000003,0.0,8.5,High
Senegal,SEN,Lower middle income,2018,3.7282,27.29,686,14.66195652173913,1355.09610863712,1.0,0.0,1.0,-0.6600000000000001,0.0,2.5,Medium
Sierra Leone,SLE,Low income,2018,0.7856000000000001,26.07,2526,2.664772727272727,1015.667829720499,0.0,0.0,0.0,-0.23000000000000043,0.0,0.0,Low
Solomon Islands,SLB,Lower middle income,2018,1.905,26.46,3028,137.0434782608696,2061.899697066899,1.0,0.0,0.0,-0.05999999999999872,0.0,1.0,Low
South Africa,ZAF,Upper middle income,2018,2.7914,18.28,495,90.0905,6117.270140604696,0.0,0.0,0.0,0.21000000000000085,0.0,0.0,Low
Sri Lanka,LKA,Lower middle income,2018,3.7752,26.38,1712,138.2968795567221,4493.035754445438,3.0,3.0,0.0,-0.370000000000001,0.0,7.5,High
Sudan,SDN,Low income,2018,3.9578,28.71,250,7.103024529649916,1185.94445800781,3.0,3.0,0.0,-0.34999999999999787,0.0,7.5,High
Suriname,SUR,Upper middle income,2018,4.869800000000001,26.18,2331,135.3709677419355,8666.648706977967,0.0,0.0,0.0,-0.33999999999999986,0.0,0.0,Low
Tajikistan,TJK,Lower middle income,2018,7.649,5.945,691,14.71765546819157,1094.800201822097,1.0,1.0,0.0,-0.02799999999999958,0.0,2.5,Medium
Thailand,THA,Upper middle income,2018,3.0614,26.97,1622,138.4961154768719,6314.199484120428,0.0,0.0,0.0,-0.0400000000000027,0.0,0.0,Low
Togo,TGO,Low income,2018,1.676,27.32,1168,15.35698113207547,791.5924052163091,0.0,0.0,0.0,-0.16999999999999815,0.0,0.0,Low
Turkmenistan,TKM,Upper middle income,2018,4.1148,16.94,161,274.2669594899186,6460.943568494276,0.0,0.0,0.0,0.3200000000000003,0.0,0.0,Low
Uganda,UGA,Low income,2018,0.9963,22.94,1180,3.295797101449276,895.0751278543798,2.0,0.0,0.0,-0.4599999999999973,0.0,2.0,Low
Ukraine,UKR,Upper middle income,2018,5.4929,9.88,565,65.39079935540758,2308.6669921875,1.0,0.0,0.0,-0.04099999999999859,0.0,1.0,Low
Uzbekistan,UZB,Lower middle income,2018,5.2464,13.08,206,217.9588536743122,3108.161878611196,0.0,0.0,0.0,-0.08999999999999986,0.0,0.0,Low
Zambia,ZMB,Lower middle income,2018,1.4214,22.4,1020,52.51342105263158,1321.250457115733,0.0,0.0,0.0,0.35999999999999943,0.0,0.0,Low
Zimbabwe,ZWE,Lower middle income,2018,0.4025,21.37,657,32.90775445958306,1472.146038448424,2.0,0.0,0.0,0.6400000000000006,0.0,2.0,Low
Afghanistan,AFG,Low income,2019,4.4766,10.01,327,10.97252182845403,557.8615332074586,7.0,6.0,0.0,-0.9000000000000004,0.0,16.0,High
Algeria,DZA,Upper middle income,2019,1.7889,18.7,89,20.67454521311911,4672.664086786354,1.0,0.0,0.0,0.33999999999999986,0.0,1.0,Low
Angola,AGO,Lower middle income,2019,1.1931,23.47,1010,6.678584799700487,3083.97534427357,3.0,3.0,0.0,0.41000000000000014,0.0,7.5,High
Azerbaijan,AZE,Upper middle income,2019,2.7613,12.46,447,73.12070610687023,5346.953186041143,0.0,0.0,0.0,-0.3699999999999992,0.0,0.0,Low
Bangladesh,BGD,Lower middle income,2019,4.7874,25.77,2666,320.4454626447754,1564.208024456359,6.0,1.0,0.0,0.41999999999999815,0.0,7.5,High
Belize,BLZ,Upper middle income,2019,5.7509,26.47,1705,449.7826086956522,5864.146118271087,0.0,0.0,0.0,0.7699999999999996,0.0,0.0,Low
Benin,BEN,Lower middle income,2019,3.9651,27.7,1039,43.89450891558986,1114.173045264425,1.0,0.0,0.0,0.23999999999999844,0.0,1.0,Low
Bhutan,BTN,Lower middle income,2019,4.0698,10.77,2200,14.31914893617021,3467.385989793557,0.0,0.0,0.0,0.049999999999998934,0.0,0.0,Low
Brazil,BRA,Upper middle income,2019,6.0633,25.08,1761,296.9836306852856,8771.439503726033,8.0,7.0,0.0,0.4299999999999997,0.0,18.5,High
Burkina Faso,BFA,Low income,2019,2.1242,28.94,748,7.602892639756091,717.021595096634,0.0,0.0,0.0,0.07000000000000028,0.0,0.0,Low
Burundi,BDI,Low income,2019,1.6896,20.98,1274,19.92105263157895,270.4110057108094,3.0,2.0,0.0,0.370000000000001,0.0,6.0,High
Cambodia,KHM,Lower middle income,2019,3.3351,28.28,1904,42.76325397121308,2008.32094006706,1.0,1.0,0.0,0.40000000000000213,0.0,2.5,Medium
Cameroon,CMR,Lower middle income,2019,2.1407,24.81,1604,13.02951612903226,1470.317852761872,1.0,0.0,0.0,0.14999999999999858,0.0,1.0,Low
Chad,TCD,Low income,2019,1.5108,28.28,322,5.136603773584905,917.203710065059,2.0,1.0,0.0,-0.1999999999999993,0.0,3.5,Medium
China,CHN,Upper middle income,2019,7.0562,13.27,645,427.7508472335941,10356.48041949954,16.0,6.0,0.0,0.2400000000000002,0.0,25.0,High
Colombia,COL,Upper middle income,2019,4.4657,23.38,3240,464.186956694457,6439.963598126466,7.0,5.0,0.0,0.3200000000000003,0.0,14.5,High
Comoros,COM,Lower middle income,2019,0.2972,26.09,900,1.784615384615385,1389.364306438046,2.0,0.0,0.0,0.379999999999999,0.0,2.0,Low
Cuba,CUB,Upper middle income,2019,3.346,26.07,1335,25.57381558137936,8124.752820591077,1.0,0.0,0.0,0.4800000000000004,0.0,1.0,Low
Dominican Republic,DOM,Upper middle income,2019,5.1445,24.57,1410,146.8141212628424,8117.046391857863,1.0,0.0,0.0,0.33999999999999986,0.0,1.0,Low
Ecuador,ECU,Upper middle income,2019,3.4295,21.36,2274,380.8645096056623,5971.389383867231,4.0,1.0,0.0,0.21000000000000085,0.0,5.5,High
El Salvador,SLV,Upper middle income,2019,7.987,26.64,1784,59.39112343966713,4143.114370978674,2.0,0.0,0.0,0.33999999999999986,0.0,2.0,Low
Eswatini,SWZ,Lower middle income,2019,4.0,20.09,788,81.42372881355932,3759.671069646663,1.0,0.0,1.0,0.5599999999999987,0.0,2.5,Medium
Fiji,FJI,Upper middle income,2019,3.439,24.72,2592,81.16094986807389,5701.104352694317,2.0,0.0,0.0,0.09999999999999787,0.0,2.0,Low
Gabon,GAB,Upper middle income,2019,2.7074,25.3,1831,39.86153846153846,6817.568794687638,0.0,0.0,0.0,0.1700000000000017,0.0,0.0,Low
Ghana,GHA,Lower middle income,2019,3.2801,27.82,1187,40.13605931041273,1999.553722202112,2.0,2.0,0.0,0.28999999999999915,0.0,5.0,Medium
Guatemala,GTM,Upper middle income,2019,3.0264,22.92,1996,176.9512353706112,4139.122038363073,3.0,0.0,0.0,0.6000000000000014,0.0,3.0,Medium
Guinea,GIN,Lower middle income,2019,1.35,26.37,1651,4.321494994530891,926.4222195485298,0.0,0.0,0.0,0.28000000000000114,0.0,0.0,Low
Haiti,HTI,Lower middle income,2019,3.1454,25.71,1440,52.856,1394.421140711123,2.0,2.0,0.0,0.26000000000000156,0.0,5.0,Medium
Honduras,HND,Lower middle income,2019,3.9368,24.32,1976,157.450884086444,2447.616492821808,1.0,0.0,0.0,0.6400000000000006,0.0,1.0,Low
India,IND,Lower middle income,2019,4.0521,22.86,1083,186.4567577830841,1936.030677410667,14.0,5.0,0.0,0.07000000000000028,0.0,21.5,High
Indonesia,IDN,Upper middle income,2019,5.1137,25.79,2702,304.3160405055748,3850.903217389789,19.0,11.0,0.0,0.14000000000000057,0.0,35.5,High
Iraq,IRQ,Upper middle income,2019,4.501399999999999,23.63,216,52.30368283356812,4898.148976522652,1.0,1.0,0.0,-0.6400000000000006,0.0,2.5,Medium
Jamaica,JAM,Upper middle income,2019,1.0,26.43,2051,77.59166666666667,5814.792753116917,0.0,0.0,0.0,0.3500000000000014,0.0,0.0,Low
Kazakhstan,KAZ,Upper middle income,2019,5.4983,7.418,250,2.917391407943958,10989.68407183882,0.0,0.0,0.0,1.4430000000000005,0.0,0.0,Low
Kenya,KEN,Lower middle income,2019,6.4255,23.41,630,50.09952339953736,1645.709617778621,4.0,1.0,1.0,0.6799999999999997,0.0,7.0,High
Liberia,LBR,Low income,2019,1.1282,25.8,2391,17.01,636.6993848248694,0.0,0.0,0.0,0.3500000000000014,0.0,0.0,Low
Madagascar,MDG,Low income,2019,2.4432,22.58,1513,11.94566666666667,467.2774134964799,3.0,1.0,0.0,0.4799999999999969,0.0,4.5,Medium
Malawi,MWI,Low income,2019,1.8807,22.72,1181,29.426508509541,569.8662493719476,3.0,2.0,0.0,0.09999999999999787,0.0,6.0,High
Malaysia,MYS,Upper middle income,2019,3.5009,26.92,2875,1347.49488071149,10902.98348558561,4.0,4.0,0.0,0.360000000000003,0.0,10.0,High
Mali,MLI,Low income,2019,3.4568,28.86,282,29.97927916614341,909.7510697033126,2.0,2.0,0.0,-0.15000000000000213,0.0,5.0,Medium
Mauritania,MRT,Lower middle income,2019,3.9612,28.44,92,12.42,1605.135235974202,1.0,1.0,0.0,0.1700000000000017,0.0,2.5,Medium
Mauritius,MUS,Upper middle income,2019,3.5,24.96,2041,194.88,11098.31370673414,0.0,0.0,0.0,0.3100000000000023,0.0,0.0,Low
Mexico,MEX,Upper middle income,2019,6.3662,21.33,758,108.6213917525773,10159.44483643186,6.0,3.0,0.0,0.4399999999999977,0.0,10.5,High
Morocco,MAR,Lower middle income,2019,8.1021,18.47,346,59.93392631125485,3364.73950195313,3.0,2.0,0.0,0.8699999999999974,0.0,6.0,High
Mozambique,MOZ,Low income,2019,0.4864,24.36,1032,10.79646017699115,617.1393200019503,6.0,3.0,0.0,0.3099999999999987,0.0,10.5,High
Myanmar,MMR,Lower middle income,2019,3.8566,25.15,2091,63.5752110933178,1440.98988238708,3.0,2.0,0.0,0.46999999999999886,0.0,6.0,High
Nepal,NPL,Lower middle income,2019,3.8048,13.13,1500,97.00571357416366,1077.117964981876,2.0,1.0,0.0,-0.2599999999999998,0.0,3.5,Medium
Nicaragua,NIC,Lower middle income,2019,6.336399999999999,26.22,2280,57.98336660013307,2019.915186200438,1.0,0.0,0.0,0.41999999999999815,0.0,1.0,Low
Niger,NER,Low income,2019,4.5537,28.56,151,0.8445197740112994,532.1860245703888,2.0,2.0,0.0,0.00999999999999801,0.0,5.0,Medium
Nigeria,NGA,Lower middle income,2019,2.0441,27.07,1150,18.61032761987416,2431.535284729822,5.0,2.0,0.0,0.08000000000000185,0.0,8.0,High
North Macedonia,MKD,Upper middle income,2019,6.1126,12.34,619,61.25775656324582,5961.58475399191,0.0,0.0,0.0,0.16000000000000014,0.0,0.0,Low
Pakistan,PAK,Lower middle income,2019,3.6653,24.159,494,152.3852931542745,1573.833082693699,12.0,8.0,1.0,0.3249999999999993,0.0,25.5,High
Papua New Guinea,PNG,Lower middle income,2019,2.1142,22.49,3142,118.9484848484849,2572.561779678961,4.0,1.0,0.0,-0.14000000000000057,0.0,5.5,High
Paraguay,PRY,Upper middle income,2019,6.6,23.31,1130,124.4018100252791,6243.536208978227,4.0,3.0,0.0,0.7099999999999973,0.0,8.5,High
Peru,PER,Upper middle income,2019,7.7002,16.07,1738,141.6622861238369,6626.260834949689,7.0,3.0,0.0,0.41000000000000014,0.0,11.5,High
Philippines,PHL,Lower middle income,2019,4.0449,26.46,2348,195.4842576028622,3575.881709229217,18.0,1.0,1.0,0.10000000000000142,0.0,21.0,High
Rwanda,RWA,Low income,2019,3.9998,19.88,1212,25.03859060402685,874.6396589359778,2.0,2.0,0.0,0.35999999999999943,0.0,5.0,Medium
Senegal,SEN,Lower middle income,2019,3.3442,27.57,686,18.56554508748318,1379.608752498606,1.0,1.0,0.0,0.28000000000000114,0.0,2.5,Medium
Sierra Leone,SLE,Low income,2019,1.5745,26.41,2526,2.666035353535353,1046.96778078594,2.0,2.0,0.0,0.33999999999999986,0.0,5.0,Medium
Solomon Islands,SLB,Lower middle income,2019,1.9123,26.5,3028,18.34782608695652,2043.091397783073,0.0,0.0,0.0,0.03999999999999915,0.0,0.0,Low
South Africa,ZAF,Upper middle income,2019,2.8163,18.95,495,91.79075,6032.829725986681,6.0,4.0,1.0,0.6699999999999982,0.0,13.5,High
Sri Lanka,LKA,Lower middle income,2019,4.7954,26.91,1712,190.0387642566257,4455.781896082671,7.0,5.0,1.0,0.5300000000000011,0.0,16.0,High
Sudan,SDN,Low income,2019,4.1594,28.6,250,6.469826149083115,1126.55297851563,4.0,2.0,0.0,-0.10999999999999943,0.0,7.0,High
Suriname,SUR,Upper middle income,2019,4.557,26.62,2331,127.0645161290323,8677.305220217315,0.0,0.0,0.0,0.4400000000000013,0.0,0.0,Low
Tajikistan,TJK,Lower middle income,2019,8.5882,5.963,691,91.93437574034589,1148.346767124927,1.0,1.0,0.0,0.017999999999999794,0.0,2.5,Medium
Thailand,THA,Upper middle income,2019,3.0019,27.57,1622,113.5272145705664,6434.537705180338,3.0,1.0,1.0,0.6000000000000014,0.0,6.0,High
Togo,TGO,Low income,2019,1.6398,27.64,1168,2.67622641509434,810.5122626035183,0.0,0.0,0.0,0.3200000000000003,0.0,0.0,Low
Turkmenistan,TKM,Upper middle income,2019,4.0298,17.09,161,260.2344539939332,6718.166080562744,0.0,0.0,0.0,0.14999999999999858,0.0,0.0,Low
Uganda,UGA,Low income,2019,0.9435,23.16,1180,3.366376811594203,920.9391015156707,8.0,5.0,0.0,0.21999999999999886,0.0,15.5,High
Ukraine,UKR,Upper middle income,2019,5.197100000000001,10.69,565,65.07319888227433,2398.07836914063,0.0,0.0,0.0,0.8099999999999987,0.0,0.0,Low
Uzbekistan,UZB,Lower middle income,2019,4.8466,13.77,206,272.4688236023305,3259.369646324938,0.0,0.0,0.0,0.6899999999999995,0.0,0.0,Low
Zambia,ZMB,Lower middle income,2019,1.2038,22.71,1020,67.57552631578947,1301.181329761778,2.0,1.0,1.0,0.3100000000000023,0.0,5.0,Medium
Zimbabwe,ZWE,Lower middle income,2019,0.4484,21.86,657,32.93242405455673,1357.530878187539,2.0,1.0,0.0,0.48999999999999844,0.0,3.5,Medium
Afghanistan,AFG,Low income,2020,4.4417,9.569,327,8.714522927576958,527.8345544993056,7.0,5.0,0.0,-0.44099999999999895,0.0,14.5,High
Algeria,DZA,Upper middle income,2020,1.7927,19.31,89,20.67454521311911,4363.685337677834,1.0,0.0,0.0,0.6099999999999994,0.0,1.0,Low
Angola,AGO,Lower middle income,2020,1.2375,23.07,1010,7.890449438202247,2864.161460368925,3.0,2.0,1.0,-0.3999999999999986,0.0,7.5,High
Azerbaijan,AZE,Upper middle income,2020,3.1314,12.18,447,73.30950438996305,5087.500227836274,0.0,0.0,0.0,-0.28000000000000114,0.0,0.0,Low
Bangladesh,BGD,Lower middle income,2020,4.7939,25.4,2666,325.3865652724969,1604.665923474202,2.0,1.0,0.0,-0.370000000000001,0.0,3.5,Medium
Belize,BLZ,Upper middle income,2020,4.5252,26.46,1705,402.6020408163265,5006.484532769355,1.0,0.0,0.0,-0.00999999999999801,0.0,1.0,Low
Benin,BEN,Lower middle income,2020,3.9353,27.66,1039,33.79893713445122,1126.654041221538,1.0,1.0,0.0,-0.03999999999999915,0.0,2.5,Medium
Bhutan,BTN,Lower middle income,2020,4.264399999999999,10.79,2200,18.63874345549738,3092.124283993629,0.0,0.0,0.0,0.019999999999999574,0.0,0.0,Low
Brazil,BRA,Upper middle income,2020,6.6108,24.61,1761,365.7131262345125,8435.010462091848,7.0,5.0,1.0,-0.46999999999999886,0.0,16.0,High
Burkina Faso,BFA,Low income,2020,2.2377,28.92,748,13.46534307901259,713.8421779223995,4.0,3.0,1.0,-0.019999999999999574,0.0,10.0,High
Burundi,BDI,Low income,2020,1.6122,21.23,1274,19.48833467417538,263.4638763568973,3.0,2.0,0.0,0.25,0.0,6.0,High
Cambodia,KHM,Lower middle income,2020,3.3454,27.95,1904,44.2410385695224,1908.634275183356,2.0,0.0,0.0,-0.33000000000000185,0.0,2.0,Low
Cameroon,CMR,Lower middle income,2020,2.1312,24.95,1604,16.17193548387097,1434.519137234091,1.0,1.0,0.0,0.14000000000000057,0.0,2.5,Medium
Chad,TCD,Low income,2020,1.4698,28.29,322,5.076226415094339,884.9805419331973,2.0,2.0,0.0,0.00999999999999801,0.0,5.0,Medium
China,CHN,Upper middle income,2020,7.0402,13.19,645,414.4914461337112,10573.64200592823,12.0,5.0,0.0,-0.08000000000000007,0.0,19.5,High
Colombia,COL,Upper middle income,2020,4.6319,23.43,3240,524.5415982546233,5891.955232154031,6.0,3.0,0.0,0.05000000000000071,0.0,10.5,High
Comoros,COM,Lower middle income,2020,0.2978,25.92,900,6.384615384615385,1359.70624686714,0.0,0.0,0.0,-0.16999999999999815,0.0,0.0,Low
Cuba,CUB,Upper middle income,2020,3.5739,26.14,1335,25.57381558137936,7252.288111798439,2.0,0.0,0.0,0.07000000000000028,0.0,2.0,Low
Dominican Republic,DOM,Upper middle income,2020,5.103,24.69,1410,170.6504795666368,7395.873426239604,2.0,0.0,0.0,0.120000000000001,0.0,2.0,Low
Ecuador,ECU,Upper middle income,2020,3.4273,21.32,2274,362.8853564547206,5355.689341964435,2.0,1.0,0.0,-0.03999999999999915,0.0,3.5,Medium
El Salvador,SLV,Upper middle income,2020,7.3263,26.27,1784,80.96393897364771,3808.531954364088,4.0,0.0,0.0,-0.370000000000001,0.0,4.0,Medium
Eswatini,SWZ,Lower middle income,2020,2.8729,19.54,788,82.45197740112994,3609.3669136859,0.0,0.0,0.0,-0.5500000000000007,0.0,0.0,Low
Fiji,FJI,Upper middle income,2020,3.7725,24.98,2592,97.72135416666667,4721.122818976297,3.0,0.0,0.0,0.26000000000000156,0.0,3.0,Medium
Gabon,GAB,Upper middle income,2020,2.8656,25.38,1831,21.27384615384615,6534.279665289974,0.0,0.0,0.0,0.0799999999999983,0.0,0.0,Low
Ghana,GHA,Lower middle income,2020,3.3436,27.77,1187,50.11189197222871,1970.194114603976,2.0,2.0,0.0,-0.05000000000000071,0.0,5.0,Medium
Guatemala,GTM,Upper middle income,2020,3.0683,22.85,1996,237.0939510939511,4005.839115939993,5.0,2.0,0.0,-0.07000000000000028,0.0,8.0,High
Guinea,GIN,Lower middle income,2020,1.47,26.57,1651,4.291455848082181,945.570903389665,1.0,1.0,0.0,0.1999999999999993,0.0,2.5,Medium
Haiti,HTI,Lower middle income,2020,2.676,25.86,1440,11.37,1331.697785069317,1.0,0.0,0.0,0.14999999999999858,0.0,1.0,Low
Honduras,HND,Lower middle income,2020,3.9434,24.24,1976,238.3732809430255,2189.431686682225,4.0,1.0,0.0,-0.08000000000000185,0.0,5.5,High
India,IND,Lower middle income,2020,4.0594,22.68,1083,210.6919583014403,1806.501105838781,11.0,5.0,0.0,-0.17999999999999972,0.0,18.5,High
Indonesia,IDN,Upper middle income,2020,5.127899999999999,25.85,2702,336.1079860112639,3739.44906563161,29.0,25.0,0.0,0.060000000000002274,0.0,66.5,High
Iraq,IRQ,Upper middle income,2020,4.5688,24.03,216,55.58120346146106,4213.998437660612,1.0,1.0,0.0,0.40000000000000213,0.0,2.5,Medium
Kazakhstan,KAZ,Upper middle income,2020,5.4438,7.53,250,5.574692419095055,10565.03598162354,1.0,1.0,0.0,0.1120000000000001,0.0,2.5,Medium
Kenya,KEN,Lower middle income,2020,6.3973,22.97,630,57.55697439637642,1609.334140782809,3.0,1.0,1.0,-0.4400000000000013,0.0,6.0,High
Liberia,LBR,Low income,2020,1.1481,25.84,2391,20.384,605.025475431411,0.0,0.0,0.0,0.03999999999999915,0.0,0.0,Low
Madagascar,MDG,Low income,2020,2.5248,22.29,1513,10.58033333333333,422.9242554223186,3.0,1.0,1.0,-0.28999999999999915,0.0,6.0,High
Malawi,MWI,Low income,2020,1.9989,22.82,1181,47.48729028978139,559.4470860860672,1.0,1.0,0.0,0.10000000000000142,0.0,2.5,Medium
Malaysia,MYS,Upper middle income,2020,3.6538,26.82,2875,1591.180283772158,10171.4657842762,5.0,5.0,0.0,-0.10000000000000142,0.0,12.5,High
Mali,MLI,Low income,2020,3.3517,29.08,282,18.67038763493621,872.3894268142935,1.0,0.0,1.0,0.21999999999999886,0.0,2.5,Medium
Mauritania,MRT,Lower middle income,2020,4.2775,29.38,92,14.88222222222222,1553.306155865908,3.0,2.0,1.0,0.9399999999999977,0.0,7.5,High
Mexico,MEX,Upper middle income,2020,6.2107,21.43,758,95.55456499523386,9234.643623179232,8.0,2.0,0.0,0.10000000000000142,0.0,11.0,High
Morocco,MAR,Lower middle income,2020,11.3511,19.19,346,60.05837964228023,3090.89428710938,0.0,0.0,0.0,0.7200000000000024,0.0,0.0,Low
Mozambique,MOZ,Low income,2020,0.6175,24.28,1032,11.21380530973451,591.8040599859323,3.0,2.0,1.0,-0.0799999999999983,0.0,7.5,High
Myanmar,MMR,Lower middle income,2020,3.8652,25.19,2091,67.72165605095542,1301.313863524501,2.0,1.0,0.0,0.0400000000000027,0.0,3.5,Medium
Nepal,NPL,Lower middle income,2020,3.8153,12.99,1500,115.325690074848,1031.53618783934,1.0,1.0,0.0,-0.14000000000000057,0.0,2.5,Medium
Nicaragua,NIC,Lower middle income,2020,6.4464,26.09,2280,77.06254158349967,1950.191812184731,2.0,0.0,0.0,-0.129999999999999,0.0,2.0,Low
Niger,NER,Low income,2020,4.1756,28.54,151,0.5864971751412429,533.1943289102543,3.0,2.0,1.0,-0.019999999999999574,0.0,7.5,High
Nigeria,NGA,Lower middle income,2020,1.9479,27.15,1150,22.55885224560642,2228.686314228881,5.0,3.0,0.0,0.0799999999999983,0.0,9.5,High
North Macedonia,MKD,Upper middle income,2020,6.1435,11.86,619,82.81490384615384,5743.726494245812,0.0,0.0,0.0,-0.4800000000000004,0.0,0.0,Low
Pakistan,PAK,Lower middle income,2020,3.7863,23.974,494,155.1508891044294,1526.005974863066,7.0,4.0,0.0,-0.18499999999999872,0.0,13.0,High
Papua New Guinea,PNG,Lower middle income,2020,2.1263,22.86,3142,108.9272727272727,2438.611379222932,5.0,3.0,0.0,0.370000000000001,0.0,9.5,High
Paraguay,PRY,Upper middle income,2020,6.5987,23.38,1130,133.437483970076,6109.19608100826,1.0,0.0,0.0,0.07000000000000028,0.0,1.0,Low
Peru,PER,Upper middle income,2020,8.2373,16.34,1738,141.4950622080721,5831.830247585214,4.0,3.0,0.0,0.2699999999999996,0.0,8.5,High
Philippines,PHL,Lower middle income,2020,4.0888,26.56,2348,217.1112701252236,3198.666900084131,9.0,0.0,0.0,0.09999999999999787,0.0,9.0,High
Rwanda,RWA,Low income,2020,3.9381,20.13,1212,29.09846863164828,826.3913077010219,5.0,5.0,0.0,0.25,0.0,12.5,High
Senegal,SEN,Lower middle income,2020,3.3432,28.23,686,21.56533333333334,1361.791437486458,1.0,1.0,0.0,0.6600000000000001,0.0,2.5,Medium
Sierra Leone,SLE,Low income,2020,1.7369,26.47,2526,2.666035353535353,1010.252946147572,0.0,0.0,0.0,0.05999999999999872,0.0,0.0,Low
Solomon Islands,SLB,Lower middle income,2020,1.8217,26.67,3028,48.17391304347826,1930.65510307199,1.0,0.0,0.0,0.1700000000000017,0.0,1.0,Low
South Africa,ZAF,Upper middle income,2020,2.8408,17.96,495,94.25366666666666,5569.584833192716,2.0,1.0,0.0,-0.9899999999999984,0.0,3.5,Medium
Sri Lanka,LKA,Lower middle income,2020,4.8021,27.0,1712,298.9548104956268,4227.23315306594,3.0,2.0,0.0,0.08999999999999986,0.0,6.0,High
Sudan,SDN,Low income,2020,4.3714,28.37,250,13.84724934508216,1056.86474609375,3.0,1.0,0.0,-0.23000000000000043,0.0,4.5,Medium
Suriname,SUR,Upper middle income,2020,4.3196,26.62,2331,252.35,7213.10766669943,0.0,0.0,0.0,0.0,0.0,0.0,Low
Tajikistan,TJK,Lower middle income,2020,10.3411,5.284,691,96.74648558494162,1171.90127480359,1.0,1.0,0.0,-0.6790000000000003,0.0,2.5,Medium
Thailand,THA,Upper middle income,2020,2.8762,27.49,1622,136.490349327558,6035.186277370771,7.0,3.0,0.0,-0.08000000000000185,0.0,11.5,High
Togo,TGO,Low income,2020,1.6845,27.52,1168,2.67622641509434,808.300697079208,1.0,1.0,0.0,-0.120000000000001,0.0,2.5,Medium
Turkmenistan,TKM,Upper middle income,2020,4.230899999999999,16.13,161,332.0756009465687,6965.112268892859,0.0,0.0,0.0,-0.9600000000000009,0.0,0.0,Low
Uganda,UGA,Low income,2020,1.2443,22.89,1180,2.442463768115942,917.0350317644004,7.0,5.0,0.0,-0.2699999999999996,0.0,14.5,High
Ukraine,UKR,Upper middle income,2020,5.417899999999999,10.81,565,75.58884096707568,2324.107421875,3.0,1.0,0.0,0.120000000000001,0.0,4.5,Medium
Uzbekistan,UZB,Lower middle income,2020,6.1877,12.76,206,268.2565249813572,3249.051910940178,1.0,1.0,0.0,-1.0099999999999998,0.0,2.5,Medium
Zambia,ZMB,Lower middle income,2020,1.3989,22.29,1020,79.7642105263158,1228.735001131949,3.0,3.0,0.0,-0.4200000000000017,0.0,7.5,High
Zimbabwe,ZWE,Lower middle income,2020,0.6141,21.28,657,20.19691439352835,1230.819333610158,0.0,0.0,0.0,-0.5799999999999983,0.0,0.0,Low
Afghanistan,AFG,Low income,2021,4.4065,11.18,327,5.202580150721676,408.6258552174031,4.0,2.0,1.0,1.6109999999999989,0.0,8.5,High
Algeria,DZA,Upper middle income,2021,1.8823,19.77,89,20.67454521311911,4456.74687637774,3.0,2.0,0.0,0.46000000000000085,0.0,6.0,High
Angola,AGO,Lower middle income,2021,1.2266,23.09,1010,5.633133881824981,2832.817771322862,2.0,2.0,0.0,0.019999999999999574,0.0,5.0,Medium
Azerbaijan,AZE,Upper middle income,2021,3.296,12.73,447,22.39253231211106,5349.582260714248,0.0,0.0,0.0,0.5500000000000007,0.0,0.0,Low
Bangladesh,BGD,Lower middle income,2021,4.8664,25.85,2666,395.72014579444,1702.080284141892,2.0,1.0,0.0,0.45000000000000284,0.0,3.5,Medium
Belize,BLZ,Upper middle income,2021,5.6694,26.29,1705,378.14,5839.401579560165,0.0,0.0,0.0,-0.1700000000000017,0.0,0.0,Low
Benin,BEN,Lower middle income,2021,4.1,28.01,1039,32.68706473875399,1176.377276372732,1.0,1.0,0.0,0.3500000000000014,0.0,2.5,Medium
Bhutan,BTN,Lower middle income,2021,4.1593,11.15,2200,10.25773195876289,3206.203669972538,2.0,1.0,0.0,0.3600000000000012,0.0,3.5,Medium
Brazil,BRA,Upper middle income,2021,6.9031,24.48,1761,386.6363669025976,8799.228445799441,9.0,8.0,1.0,-0.129999999999999,0.0,22.5,High
Burkina Faso,BFA,Low income,2021,2.0403,29.3,748,9.33720446889416,745.4725634351441,0.0,0.0,0.0,0.379999999999999,0.0,0.0,Low
Burundi,BDI,Low income,2021,1.622,20.94,1274,19.0740157480315,264.6826516642492,1.0,1.0,0.0,-0.28999999999999915,0.0,2.5,Medium
Cambodia,KHM,Lower middle income,2021,3.4897,27.49,1904,49.58375561877185,1938.764367417284,4.0,3.0,0.0,-0.46000000000000085,0.0,8.5,High
Cameroon,CMR,Lower middle income,2021,2.0527,24.91,1604,16.83306451612903,1443.576002376632,0.0,0.0,0.0,-0.03999999999999915,0.0,0.0,Low
Chad,TCD,Low income,2021,1.3181,28.66,322,4.72377358490566,857.5276305790873,1.0,1.0,0.0,0.370000000000001,0.0,2.5,Medium
China,CHN,Upper middle income,2021,7.1124,13.44,645,406.2343321249942,11469.57071349276,17.0,4.0,1.0,0.25,0.0,24.5,High
Colombia,COL,Upper middle income,2021,4.4805,22.98,3240,511.6614351709471,6457.169218070858,11.0,10.0,0.0,-0.4499999999999993,0.0,26.0,High
Comoros,COM,Lower middle income,2021,0.2989,25.69,900,3.384615384615385,1359.762420211587,0.0,0.0,0.0,-0.23000000000000043,0.0,0.0,Low
Cuba,CUB,Upper middle income,2021,3.3944,25.86,1335,25.57381558137936,7379.042752836741,2.0,0.0,0.0,-0.28000000000000114,0.0,2.0,Low
Dominican Republic,DOM,Upper middle income,2021,5.2637,24.28,1410,157.4444162934633,8344.905103123949,2.0,0.0,0.0,-0.41000000000000014,0.0,2.0,Low
Ecuador,ECU,Upper middle income,2021,3.5469,21.12,2274,367.8466796875,5815.094773909489,4.0,2.0,0.0,-0.1999999999999993,0.0,7.0,High
El Salvador,SLV,Upper middle income,2021,6.7512,26.46,1784,92.19417475728156,4247.547503949775,1.0,1.0,0.0,0.19000000000000128,0.0,2.5,Medium
Eswatini,SWZ,Lower middle income,2021,2.8276,19.26,788,91.1864406779661,3719.03838239806,1.0,0.0,0.0,-0.2799999999999976,0.0,1.0,Low
Fiji,FJI,Upper middle income,2021,4.0553,24.94,2592,76.171875,4507.33353596072,1.0,0.0,0.0,-0.03999999999999915,0.0,1.0,Low
Gabon,GAB,Upper middle income,2021,2.7949,25.2,1831,28.25230769230769,6479.04900690761,0.0,0.0,0.0,-0.17999999999999972,0.0,0.0,Low
Ghana,GHA,Lower middle income,2021,3.2017,27.89,1187,37.36385061253954,2030.048665009665,2.0,2.0,0.0,0.120000000000001,0.0,5.0,Medium
Guatemala,GTM,Upper middle income,2021,2.9496,22.69,1996,219.3500643500643,4268.628585654116,3.0,3.0,0.0,-0.16000000000000014,0.0,7.5,High
Guinea,GIN,Lower middle income,2021,1.5,26.6,1651,4.051219443352881,973.646890096159,2.0,1.0,0.0,0.030000000000001137,0.0,3.5,Medium
Haiti,HTI,Lower middle income,2021,2.6106,25.49,1440,7.426865671641791,1292.719549635511,4.0,1.0,0.0,-0.370000000000001,0.0,5.5,High
Honduras,HND,Lower middle income,2021,3.7878,24.14,1976,191.1198428290766,2423.766349169109,1.0,0.0,0.0,-0.09999999999999787,0.0,1.0,Low
India,IND,Lower middle income,2021,4.2033,22.84,1083,193.6010122137056,1965.30943437506,19.0,11.0,0.0,0.16000000000000014,0.0,35.5,High
Indonesia,IDN,Upper middle income,2021,5.2263,25.66,2702,381.2299193110908,3850.688772539029,28.0,18.0,0.0,-0.19000000000000128,0.0,55.0,High
Iraq,IRQ,Upper middle income,2021,4.3922,24.86,216,50.76272891929966,4182.500640457304,3.0,2.0,1.0,0.8299999999999983,0.0,7.5,High
Kazakhstan,KAZ,Upper middle income,2021,5.2132,7.299,250,4.445612864302639,10873.3915275276,1.0,0.0,1.0,-0.23099999999999987,0.0,2.5,Medium
Kenya,KEN,Lower middle income,2021,5.807399999999999,23.19,630,53.05059865197138,1698.895782714436,2.0,1.0,0.0,0.22000000000000242,0.0,3.5,Medium
Liberia,LBR,Low income,2021,1.0519,25.72,2391,15.498,621.9279830634256,0.0,0.0,0.0,-0.120000000000001,0.0,0.0,Low
Madagascar,MDG,Low income,2021,2.8567,22.29,1513,6.525666666666667,431.5991030777461,2.0,1.0,0.0,0.0,0.0,3.5,Medium
Malawi,MWI,Low income,2021,2.0395,22.58,1181,41.86125,569.9689673224348,1.0,0.0,0.0,-0.240000000000002,0.0,1.0,Low
Malaysia,MYS,Upper middle income,2021,3.7683,26.52,2875,2148.048612036689,10388.26671208568,8.0,8.0,0.0,-0.3000000000000007,0.0,20.0,High
Mali,MLI,Low income,2021,2.7691,29.61,282,8.089437717300084,872.3325094198555,0.0,0.0,0.0,0.5300000000000011,0.0,0.0,Low
Mauritania,MRT,Lower middle income,2021,5.3955,29.51,92,11.31555555555556,1520.3111804259,0.0,0.0,0.0,0.13000000000000256,0.0,0.0,Low
Mexico,MEX,Upper middle income,2021,6.3813,21.06,758,101.2445721273512,9728.056800325565,10.0,3.0,0.0,-0.370000000000001,0.0,14.5,High
Morocco,MAR,Lower middle income,2021,6.7374,18.76,346,58.22415955889946,3309.130859375,2.0,2.0,0.0,-0.4299999999999997,0.0,5.0,Medium
Mozambique,MOZ,Low income,2021,0.9175,23.97,1032,12.25699115044248,588.2158546954162,3.0,1.0,1.0,-0.3100000000000023,0.0,6.0,High
Myanmar,MMR,Lower middle income,2021,3.8957,25.24,2091,38.66060054595086,1136.995660556978,1.0,1.0,0.0,0.04999999999999716,0.0,2.5,Medium
Nepal,NPL,Lower middle income,2021,3.4728,13.59,1500,112.6110464596121,1062.788843062899,4.0,4.0,0.0,0.5999999999999996,0.0,10.0,High
Nicaragua,NIC,Lower middle income,2021,6.3477,25.92,2280,68.70725216234199,2128.308813954517,0.0,0.0,0.0,-0.16999999999999815,0.0,0.0,Low
Niger,NER,Low income,2021,4.0634,28.85,151,0.4692655367231638,523.2631795186519,2.0,1.0,0.0,0.3100000000000023,0.0,3.5,Medium
Nigeria,NGA,Lower middle income,2021,1.931,27.34,1150,17.96495986114125,2206.664062500666,3.0,2.0,0.0,0.19000000000000128,0.0,6.0,High
North Macedonia,MKD,Upper middle income,2021,6.0951,11.52,619,50.4916067146283,6064.923151200224,1.0,0.0,0.0,-0.33999999999999986,0.0,1.0,Low
Pakistan,PAK,Lower middle income,2021,3.9532,24.687,494,161.9301849405548,1595.027921754216,8.0,4.0,0.0,0.713000000000001,0.0,14.0,High
Papua New Guinea,PNG,Lower middle income,2021,2.1393,22.82,3142,108.2121212121212,2378.371681654902,0.0,0.0,0.0,-0.03999999999999915,0.0,0.0,Low
Paraguay,PRY,Upper middle income,2021,6.6326,22.76,1130,149.3315748821256,6278.110066638092,2.0,2.0,0.0,-0.6199999999999974,0.0,5.0,Medium
Peru,PER,Upper middle income,2021,8.3236,15.91,1738,111.8242191214779,6547.847181817761,10.0,8.0,0.0,-0.4299999999999997,0.0,22.0,High
Philippines,PHL,Lower middle income,2021,4.154,26.36,2348,232.0254025044723,3350.975875877763,14.0,5.0,0.0,-0.1999999999999993,0.0,21.5,High
Rwanda,RWA,Low income,2021,4.1596,19.9,1212,23.90097760958688,896.2710335749855,2.0,1.0,0.0,-0.23000000000000043,0.0,3.5,Medium
Senegal,SEN,Lower middle income,2021,3.6277,28.08,686,8.839164490861618,1414.539510938502,0.0,0.0,0.0,-0.15000000000000213,0.0,0.0,Low
Sierra Leone,SLE,Low income,2021,2.0953,26.43,2526,2.666035353535353,1045.766161575796,0.0,0.0,0.0,-0.03999999999999915,0.0,0.0,Low
Solomon Islands,SLB,Lower middle income,2021,1.8792,26.54,3028,11.08695652173913,1880.551982718301,0.0,0.0,0.0,-0.13000000000000256,0.0,0.0,Low
South Africa,ZAF,Upper middle income,2021,2.8561,17.7,495,104.6388333333333,5750.909374795845,4.0,1.0,1.0,-0.26000000000000156,0.0,7.0,High
Sri Lanka,LKA,Lower middle income,2021,4.5709,26.62,1712,153.9380466472303,4357.972257794911,5.0,4.0,0.0,-0.379999999999999,0.0,11.0,High
Sudan,SDN,Low income,2021,4.4205,29.0,250,7.103024529649916,1009.54888916016,3.0,1.0,0.0,0.629999999999999,0.0,4.5,Medium
Suriname,SUR,Upper middle income,2021,4.6385,26.23,2331,175.4827586206897,6973.899418681151,1.0,1.0,0.0,-0.39000000000000057,0.0,2.5,Medium
Tajikistan,TJK,Lower middle income,2021,10.9,6.063,691,90.36515513126491,1254.069995923062,3.0,1.0,0.0,0.7789999999999999,0.0,4.5,Medium
Thailand,THA,Upper middle income,2021,2.9275,26.96,1622,147.6211829232138,6121.526965297128,6.0,5.0,0.0,-0.5299999999999976,0.0,13.5,High
Togo,TGO,Low income,2021,1.6869,27.84,1168,2.064905660377359,829.7867001309886,0.0,0.0,0.0,0.3200000000000003,0.0,0.0,Low
Turkmenistan,TKM,Upper middle income,2021,4.4275,17.48,161,270.933191276009,7248.707632257187,0.0,0.0,0.0,1.3500000000000014,0.0,0.0,Low
Uganda,UGA,Low income,2021,1.4973,23.23,1180,2.442463768115942,919.401675217265,3.0,3.0,0.0,0.33999999999999986,0.0,7.5,High
Ukraine,UKR,Upper middle income,2021,4.899,9.221,565,78.48727372129753,2426.6123046875,1.0,0.0,0.0,-1.5890000000000004,0.0,1.0,Low
Uzbekistan,UZB,Lower middle income,2021,6.8373,13.84,206,296.8389731331391,3442.724844503404,1.0,0.0,0.0,1.08,0.0,1.0,Low
Zambia,ZMB,Lower middle income,2021,1.4893,22.24,1020,63.90447368421053,1269.108218088952,1.0,0.0,1.0,-0.05000000000000071,0.0,2.5,Medium
Zimbabwe,ZWE,Lower middle income,2021,0.839,21.09,657,36.86891833034522,1312.200013588067,2.0,0.0,1.0,-0.19000000000000128,0.0,3.5,Medium
Afghanistan,AFG,Low income,2022,4.625,10.82,327,5.067477592829706,377.6656270807047,8.0,5.0,0.0,-0.35999999999999943,0.0,15.5,High
Algeria,DZA,Upper middle income,2022,1.8538,19.83,89,20.67454521311911,4544.466880603715,1.0,0.0,0.0,0.05999999999999872,0.0,1.0,Low
Angola,AGO,Lower middle income,2022,1.2323,22.69,1010,13.22878365831012,2860.902519222464,0.0,0.0,0.0,-0.3999999999999986,0.0,0.0,Low
Azerbaijan,AZE,Upper middle income,2022,3.4242,12.56,447,24.70816004589129,5599.585249710247,0.0,0.0,0.0,-0.16999999999999993,0.0,0.0,Low
Bangladesh,BGD,Lower middle income,2022,4.980399999999999,25.8,2666,388.9412329338065,1804.349346177604,2.0,1.0,0.0,-0.05000000000000071,0.0,3.5,Medium
Belize,BLZ,Upper middle income,2022,5.287,26.0,1705,126.23,6262.560882736742,1.0,0.0,0.0,-0.28999999999999915,0.0,1.0,Low
Benin,BEN,Lower middle income,2022,3.8936,27.39,1039,36.87528453216926,1218.496689290907,1.0,1.0,0.0,-0.620000000000001,0.0,2.5,Medium
Bhutan,BTN,Lower middle income,2022,4.4701,11.08,2200,10.54822335025381,3349.733096327985,0.0,0.0,0.0,-0.07000000000000028,0.0,0.0,Low
Brazil,BRA,Upper middle income,2022,6.6384,24.21,1761,363.0021746162971,9032.08377657776,12.0,11.0,1.0,-0.2699999999999996,0.0,30.0,High
Burkina Faso,BFA,Low income,2022,2.2118,28.51,748,13.25873862758258,740.3063199302587,1.0,0.0,1.0,-0.7899999999999991,0.0,2.5,Medium
Burundi,BDI,Low income,2022,1.5139,20.9,1274,39.78945635069271,263.5875500516377,0.0,0.0,0.0,-0.0400000000000027,0.0,0.0,Low
Cambodia,KHM,Lower middle income,2022,3.5465,27.5,1904,32.93092222091401,2011.274333132622,2.0,1.0,0.0,0.010000000000001563,0.0,3.5,Medium
Cameroon,CMR,Lower middle income,2022,2.1895,24.57,1604,12.69403225806452,1458.661804316926,5.0,1.0,1.0,-0.33999999999999986,0.0,8.0,High
Chad,TCD,Low income,2022,1.3097,27.86,322,6.526415094339622,862.6021281725198,2.0,1.0,1.0,-0.8000000000000007,0.0,5.0,Medium
China,CHN,Upper middle income,2022,7.0758,13.25,645,395.1390323053101,11830.59837034963,12.0,4.0,1.0,-0.1899999999999995,0.0,19.5,High
Colombia,COL,Upper middle income,2022,4.6307,22.79,3240,405.1327108900396,6856.725905053739,14.0,9.0,0.0,-0.19000000000000128,0.0,27.5,High
Comoros,COM,Lower middle income,2022,0.3,25.46,900,4.046153846153846,1368.374188533599,0.0,0.0,0.0,-0.23000000000000043,0.0,0.0,Low
Cuba,CUB,Upper middle income,2022,2.7127,25.82,1335,5.931032111668844,7552.331522188416,3.0,1.0,0.0,-0.03999999999999915,0.0,4.5,Medium
Dominican Republic,DOM,Upper middle income,2022,5.0855,24.27,1410,86.49072507891756,8698.135920943952,3.0,2.0,0.0,-0.010000000000001563,0.0,6.0,High
Ecuador,ECU,Upper middle income,2022,3.7085,20.84,2274,325.9209445585216,6107.494950065426,6.0,5.0,0.0,-0.28000000000000114,0.0,13.5,High
El Salvador,SLV,Upper middle income,2022,6.8805,26.09,1784,39.16088765603329,4355.960838883592,2.0,0.0,0.0,-0.370000000000001,0.0,2.0,Low
Eswatini,SWZ,Lower middle income,2022,2.8291,19.62,788,80.94915254237289,3695.649571795481,1.0,0.0,0.0,0.35999999999999943,0.0,1.0,Low
Fiji,FJI,Upper middle income,2022,4.0931,25.08,2592,127.9166666666667,5291.516931235716,1.0,0.0,0.0,0.13999999999999702,0.0,1.0,Low
Gabon,GAB,Upper middle income,2022,2.7887,25.03,1831,59.85846153846154,6527.482079004042,0.0,0.0,0.0,-0.16999999999999815,0.0,0.0,Low
Ghana,GHA,Lower middle income,2022,3.3586,27.32,1187,37.04961888787448,2067.208959107662,1.0,1.0,0.0,-0.5700000000000003,0.0,2.5,Medium
Guatemala,GTM,Upper middle income,2022,2.946,22.45,1996,164.0933075933076,4385.148911780473,3.0,1.0,0.0,-0.240000000000002,0.0,4.5,Medium
Guinea,GIN,Lower middle income,2022,1.4931,26.13,1651,5.150013374142562,987.5025014653369,1.0,1.0,0.0,-0.4700000000000024,0.0,2.5,Medium
Haiti,HTI,Lower middle income,2022,2.549,25.41,1440,5.546268656716418,1256.721435924478,4.0,2.0,0.0,-0.0799999999999983,0.0,7.0,High
Honduras,HND,Lower middle income,2022,3.6405,23.84,1976,191.1080550098232,2482.223849047136,3.0,2.0,0.0,-0.3000000000000007,0.0,6.0,High
India,IND,Lower middle income,2022,4.2388,22.95,1083,193.7549693915666,2098.211244761504,7.0,3.0,0.0,0.10999999999999943,0.0,11.5,High
Indonesia,IDN,Upper middle income,2022,5.2378,25.58,2702,311.0881107996211,4024.912252883909,20.0,13.0,0.0,-0.08000000000000185,0.0,39.5,High
Iraq,IRQ,Upper middle income,2022,3.0313,24.28,216,51.10807003421211,4412.997331465116,1.0,0.0,0.0,-0.5799999999999983,0.0,1.0,Low
Kazakhstan,KAZ,Upper middle income,2022,4.9058,7.556,250,3.872637741534293,11058.3482413407,0.0,0.0,0.0,0.2569999999999997,0.0,0.0,Low
Kenya,KEN,Lower middle income,2022,4.3452,23.11,630,33.24724321668469,1747.531988044284,1.0,0.0,0.0,-0.08000000000000185,0.0,1.0,Low
Liberia,LBR,Low income,2022,1.0667,25.59,2391,11.676,638.0051838582892,1.0,0.0,0.0,-0.129999999999999,0.0,1.0,Low
Madagascar,MDG,Low income,2022,3.0768,21.89,1513,6.877333333333334,438.5162633531886,7.0,1.0,0.0,-0.3999999999999986,0.0,8.5,High
Malawi,MWI,Low income,2022,1.7956,22.27,1181,23.70975,560.6357597149408,6.0,1.0,1.0,-0.3099999999999987,0.0,9.0,High
Malaysia,MYS,Upper middle income,2022,3.5766,26.48,2875,1612.104542535532,11191.65117569426,6.0,5.0,0.0,-0.03999999999999915,0.0,13.5,High
Mali,MLI,Low income,2022,3.2256,28.72,282,7.660352475722336,877.8178424329341,2.0,1.0,1.0,-0.8900000000000006,0.0,5.0,Medium
Mauritania,MRT,Lower middle income,2022,5.444100000000001,28.79,92,8.524444444444445,1576.75624107308,1.0,1.0,0.0,-0.7200000000000024,0.0,2.5,Medium
Mexico,MEX,Upper middle income,2022,6.500100000000001,20.91,758,76.78583072366065,10013.2479236143,7.0,2.0,0.0,-0.14999999999999858,0.0,10.0,High
Morocco,MAR,Lower middle income,2022,7.7706,19.47,346,62.00517608963555,3334.91162109375,0.0,0.0,0.0,0.7099999999999973,0.0,0.0,Low
Mozambique,MOZ,Low income,2022,0.962,23.99,1032,7.990619469026549,596.058889461466,4.0,1.0,0.0,0.019999999999999574,0.0,5.5,High
Myanmar,MMR,Lower middle income,2022,3.9467,25.04,2091,24.05022747952684,1174.766979473643,0.0,0.0,0.0,-0.1999999999999993,0.0,0.0,Low
Nepal,NPL,Lower middle income,2022,3.7896,13.72,1500,67.842887238053,1113.554623412234,6.0,2.0,0.0,0.13000000000000078,0.0,9.0,High
Nicaragua,NIC,Lower middle income,2022,6.373600000000001,25.64,2280,59.28942115768463,2175.738991444051,2.0,0.0,0.0,-0.28000000000000114,0.0,2.0,Low
Niger,NER,Low income,2022,3.7996,28.04,151,0.4678531073446328,566.7979629838662,2.0,1.0,1.0,-0.8100000000000023,0.0,5.0,Medium
Nigeria,NGA,Lower middle income,2022,1.8563,26.89,1150,7.281134736385333,2254.290804168922,4.0,1.0,1.0,-0.4499999999999993,0.0,7.0,High
North Macedonia,MKD,Upper middle income,2022,6.0954,11.79,619,44.66105769230769,6250.627209520625,0.0,0.0,0.0,0.2699999999999996,0.0,0.0,Low
Pakistan,PAK,Lower middle income,2022,3.6903,24.32,494,146.9169037380086,1642.280669748258,5.0,1.0,0.0,-0.3670000000000009,0.0,6.5,High
Papua New Guinea,PNG,Lower middle income,2022,2.1415,23.0,3142,143.8727272727273,2467.234887908768,1.0,0.0,0.0,0.17999999999999972,0.0,1.0,Low
Paraguay,PRY,Upper middle income,2022,4.739199999999999,22.54,1130,96.70615885154037,6218.197906941617,0.0,0.0,0.0,-0.22000000000000242,0.0,0.0,Low
Peru,PER,Upper middle income,2022,8.2437,15.78,1738,103.2834315571717,6667.516956320359,5.0,1.0,0.0,-0.13000000000000078,0.0,6.5,High
Philippines,PHL,Lower middle income,2022,4.112,26.34,2348,285.4252236135957,3577.70136573244,12.0,2.0,0.0,-0.019999999999999574,0.0,15.0,High
Rwanda,RWA,Low income,2022,4.1879,19.73,1212,29.75903778868911,948.4136869480241,3.0,3.0,0.0,-0.16999999999999815,0.0,7.5,High
Senegal,SEN,Lower middle income,2022,3.7838,27.64,686,18.52402088772846,1433.199187524099,1.0,1.0,0.0,-0.4399999999999977,0.0,2.5,Medium
Sierra Leone,SLE,Low income,2022,2.1098,26.26,2526,2.666035353535353,1077.088845385072,1.0,1.0,0.0,-0.16999999999999815,0.0,2.5,Medium
Solomon Islands,SLB,Lower middle income,2022,1.8616,26.66,3028,29.47826086956522,1788.617279220575,0.0,0.0,0.0,0.120000000000001,0.0,0.0,Low
South Africa,ZAF,Upper middle income,2022,2.8682,17.95,495,91.46641666666666,5786.865053447359,8.0,8.0,0.0,0.25,0.0,20.0,High
Sri Lanka,LKA,Lower middle income,2022,3.045,26.46,1712,153.9380466472303,4033.145614762977,5.0,3.0,0.0,-0.16000000000000014,0.0,9.5,High
Sudan,SDN,Low income,2022,4.4233,28.42,250,7.101976661109788,973.225280761719,2.0,1.0,1.0,-0.5799999999999983,0.0,5.0,Medium
Suriname,SUR,Upper middle income,2022,3.763,26.14,2331,185.72,7081.333573257831,1.0,1.0,0.0,-0.08999999999999986,0.0,2.5,Medium
Tajikistan,TJK,Lower middle income,2022,11.3836,6.721,691,93.34883166428232,1325.755452908494,0.0,0.0,0.0,0.6580000000000004,0.0,0.0,Low
Thailand,THA,Upper middle income,2022,2.9781,26.89,1622,227.5275810083705,6278.785513827604,11.0,9.0,0.0,-0.07000000000000028,0.0,24.5,High
Togo,TGO,Low income,2022,1.6968,27.12,1168,13.29660377358491,861.508010803054,1.0,1.0,0.0,-0.7199999999999989,0.0,2.5,Medium
Turkmenistan,TKM,Upper middle income,2022,4.4525,17.35,161,343.2420516641828,7551.036501431573,0.0,0.0,0.0,-0.129999999999999,0.0,0.0,Low
Uganda,UGA,Low income,2022,1.5022,23.2,1180,2.614927536231884,933.0940563704229,6.0,3.0,1.0,-0.030000000000001137,0.0,12.0,High
Ukraine,UKR,Upper middle income,2022,4.4143,9.934,565,55.639351233143,1874.66296386719,0.0,0.0,0.0,0.7129999999999992,0.0,0.0,Low
Uzbekistan,UZB,Lower middle income,2022,7.7533,13.91,206,237.159240412064,3576.715527160536,1.0,1.0,0.0,0.07000000000000028,0.0,2.5,Medium
Zambia,ZMB,Lower middle income,2022,1.5735,22.04,1020,64.56236842105262,1298.848049559302,1.0,1.0,0.0,-0.1999999999999993,0.0,2.5,Medium
Zimbabwe,ZWE,Lower middle income,2022,0.4931,21.05,657,30.78069591752392,1369.197614955709,3.0,1.0,0.0,-0.03999999999999915,0.0,4.5,Medium
